index,27,30,33,36,39,42,45,48,51,54,57,60,63,66,69,85,88,91,94,97,100,103,106,109,112,115,118,121,124,127,142,144,146,148,150,152,154,156,158,160,162,164,166,168,170,172,174,176,178,180,182,184,186,188,190,192,194,196,198,200,226,228,230,232,234,236,238,240,242,244,246,248,250,252,254
index,,,,,,,,,,,,,,,,,,,,,,,,,,,,,,,,,,,,,,,,,,,,,,,,,,,,,,,,,,,,,,,,,,,,,,,,,,,
time,8:42:30  20.11.2023,8:50:32  20.11.2023,8:56:07  20.11.2023,9:03:07  20.11.2023,9:09:09  20.11.2023,9:14:58  20.11.2023,9:21:10  20.11.2023,9:29:24  20.11.2023,9:35:52  20.11.2023,9:42:20  20.11.2023,9:48:59  20.11.2023,9:55:01  20.11.2023,10:02:24  20.11.2023,10:09:40  20.11.2023,10:18:03  20.11.2023,15:33:45  20.11.2023,15:39:22  20.11.2023,15:47:10  20.11.2023,15:53:20  20.11.2023,15:59:34  20.11.2023,16:06:34  20.11.2023,16:13:05  20.11.2023,16:19:37  20.11.2023,16:26:10  20.11.2023,16:32:45  20.11.2023,16:39:24  20.11.2023,16:45:59  20.11.2023,16:52:46  20.11.2023,16:59:46  20.11.2023,17:05:56  20.11.2023,21:21:56  20.11.2023,21:26:03  20.11.2023,21:30:06  20.11.2023,21:34:22  20.11.2023,21:38:24  20.11.2023,21:42:52  20.11.2023,21:47:30  20.11.2023,21:51:40  20.11.2023,21:56:12  20.11.2023,22:00:18  20.11.2023,22:04:16  20.11.2023,22:08:25  20.11.2023,22:12:30  20.11.2023,22:16:43  20.11.2023,22:20:52  20.11.2023,8:29:22  21.11.2023,8:33:47  21.11.2023,8:37:45  21.11.2023,8:41:47  21.11.2023,8:45:44  21.11.2023,8:49:38  21.11.2023,8:53:29  21.11.2023,8:57:20  21.11.2023,9:02:20  21.11.2023,9:07:07  21.11.2023,9:11:14  21.11.2023,9:15:16  21.11.2023,9:19:14  21.11.2023,9:23:23  21.11.2023,9:27:37  21.11.2023,19:47:00  21.11.2023,19:52:48  21.11.2023,20:09:52  21.11.2023,20:16:36  21.11.2023,20:23:02  21.11.2023,20:29:18  21.11.2023,20:35:21  21.11.2023,20:42:39  21.11.2023,20:48:47  21.11.2023,20:54:45  21.11.2023,21:01:57  21.11.2023,21:11:52  21.11.2023,21:17:48  21.11.2023,21:24:23  21.11.2023,21:30:49  21.11.2023
id,OJIP,OJIP,OJIP,OJIP,OJIP,OJIP,OJIP,OJIP,OJIP,OJIP,OJIP,OJIP,OJIP,OJIP,OJIP,OJIP,OJIP,OJIP,OJIP,OJIP,OJIP,OJIP,OJIP,OJIP,OJIP,OJIP,OJIP,OJIP,OJIP,OJIP,OJIP,OJIP,OJIP,OJIP,OJIP,OJIP,OJIP,OJIP,OJIP,OJIP,OJIP,OJIP,OJIP,OJIP,OJIP,OJIP,OJIP,OJIP,OJIP,OJIP,OJIP,OJIP,OJIP,OJIP,OJIP,OJIP,OJIP,OJIP,OJIP,OJIP,OJIP,OJIP,OJIP,OJIP,OJIP,OJIP,OJIP,OJIP,OJIP,OJIP,OJIP,OJIP,OJIP,OJIP,OJIP
11,223,242,248,269,269,269,269,269,269,279,279,279,279,279,279,248,258,271,299,309,309,319,319,329,329,338,338,322,325,328,269,279,279,289,299,309,309,319,319,306,309,309,312,316,319,357,357,357,357,357,357,357,357,309,293,296,296,294,297,298,325,357,390,390,390,422,422,422,422,347,344,344,337,331,328
21,1634,1618,1672,2253,2283,2303,2562,2602,2632,2971,2961,3000,3050,3110,3120,1886,1943,1896,2293,2283,2313,2303,2323,2213,2093,2143,2073,1452,1477,1369,2901,3120,2961,2971,3050,3060,2602,2622,2512,1704,1707,1720,948,928,874,6989,7217,7087,8257,8745,8192,5754,6079,5353,1181,1276,1209,409,413,421,9460,10240,9850,10436,10468,9948,7575,7672,7347,919,1008,1015,462,442,445
31,1682,1707,1758,2332,2372,2402,2661,2681,2731,3030,3030,3130,3190,3220,3250,1982,2033,1988,2402,2342,2412,2362,2392,2283,2163,2193,2153,1487,1471,1430,2991,3200,3040,3080,3150,3160,2681,2701,2612,1774,1771,1797,967,979,925,7282,7510,7347,8550,9070,8550,5884,6307,5513,1193,1283,1254,415,421,417,9850,10696,10240,10761,10826,10338,7867,7900,7640,948,1059,1027,442,451,439
41,1710,1663,1774,2332,2442,2432,2671,2721,2801,3130,3100,3190,3200,3280,3260,1991,2065,2007,2422,2362,2432,2392,2412,2293,2143,2203,2163,1525,1487,1426,3020,3230,3110,3090,3210,3180,2721,2761,2602,1768,1758,1819,944,963,932,7379,7640,7477,8647,9168,8582,5982,6372,5613,1193,1305,1260,419,432,422,9980,10761,10371,10891,10923,10371,7965,7997,7737,967,1046,1021,452,436,440
51,1730,1742,1800,2392,2432,2442,2761,2761,2781,3130,3090,3180,3280,3270,3329,2010,2068,2017,2432,2412,2442,2392,2412,2323,2183,2203,2183,1509,1477,1442,3050,3280,3100,3150,3260,3260,2721,2761,2642,1765,1790,1803,957,973,906,7477,7737,7542,8745,9200,8680,6079,6437,5643,1197,1324,1257,413,428,427,10045,10891,10436,10956,11021,10501,8030,8095,7770,954,1059,1027,446,446,418
61,1720,1707,1829,2402,2442,2472,2721,2771,2811,3150,3110,3240,3300,3310,3349,2014,2090,2020,2422,2402,2462,2422,2462,2313,2133,2193,2173,1500,1474,1420,3070,3290,3170,3150,3230,3250,2751,2781,2671,1800,1832,1832,973,941,884,7542,7802,7640,8810,9330,8777,6079,6469,5702,1203,1334,1257,420,429,425,10143,10956,10566,11053,11151,10566,8062,8160,7835,967,1053,1034,445,430,435
71,1752,1752,1790,2422,2442,2532,2811,2791,2841,3180,3160,3240,3300,3339,3349,2017,2109,2026,2462,2422,2492,2472,2472,2362,2163,2213,2183,1487,1487,1401,3090,3329,3170,3180,3280,3290,2781,2821,2681,1771,1781,1800,944,989,896,7607,7867,7737,8908,9428,8810,6177,6534,5722,1222,1315,1260,408,419,431,10240,11053,10696,11086,11183,10663,8095,8192,7900,957,1066,1059,447,450,454
81,1736,1739,1829,2462,2512,2532,2801,2811,2921,3220,3190,3270,3349,3379,3419,2074,2100,2071,2482,2432,2492,2452,2472,2352,2183,2223,2203,1519,1493,1420,3160,3369,3180,3180,3320,3320,2811,2841,2721,1806,1829,1813,983,973,922,7705,7997,7835,8973,9493,8908,6177,6599,5762,1219,1331,1260,413,427,412,10338,11151,10728,11216,11281,10728,8192,8225,7965,960,1075,1050,451,447,438
91,1781,1793,1854,2452,2522,2542,2841,2861,2931,3230,3220,3310,3379,3409,3429,2055,2135,2097,2492,2492,2522,2482,2502,2372,2183,2223,2193,1490,1503,1430,3180,3389,3230,3260,3349,3329,2821,2851,2721,1829,1816,1829,967,954,906,7770,8062,7900,9070,9590,9005,6209,6599,5812,1200,1327,1289,431,424,428,10403,11248,10826,11248,11313,10793,8225,8322,8030,967,1059,1059,450,442,421
101,1781,1797,1854,2492,2552,2552,2831,2881,2931,3280,3250,3329,3389,3429,3469,2074,2173,2033,2512,2512,2562,2502,2492,2402,2213,2243,2193,1497,1481,1404,3160,3449,3270,3280,3359,3389,2851,2851,2741,1797,1816,1809,960,976,941,7867,8127,8030,9135,9655,9070,6274,6664,5872,1219,1359,1283,420,409,432,10468,11346,10923,11346,11378,10858,8290,8322,8062,989,1091,1053,452,442,443
111,1797,1819,1902,2542,2582,2602,2911,2911,2971,3290,3260,3379,3419,3439,3489,2090,2170,2113,2502,2522,2562,2532,2532,2402,2193,2213,2223,1493,1487,1423,3230,3439,3300,3280,3409,3419,2871,2901,2761,1800,1793,1832,986,976,909,7965,8225,8062,9200,9753,9135,6339,6762,5922,1244,1327,1267,414,435,412,10566,11443,11021,11411,11476,10923,8355,8452,8127,989,1069,1059,449,449,441
121,1793,1816,1924,2562,2592,2622,2871,2911,2971,3310,3300,3379,3479,3489,3529,2125,2180,2129,2542,2522,2602,2542,2552,2402,2183,2253,2213,1506,1481,1423,3270,3509,3320,3329,3439,3439,2881,2901,2781,1800,1857,1841,960,983,884,8062,8355,8160,9298,9818,9200,6404,6762,5962,1241,1359,1295,423,427,424,10663,11541,11086,11476,11541,10956,8420,8452,8160,1002,1104,1072,455,446,439
131,1822,1825,1918,2532,2642,2632,2911,2971,3010,3320,3300,3429,3479,3489,3539,2119,2202,2116,2552,2572,2592,2562,2582,2432,2213,2253,2213,1516,1474,1423,3270,3549,3389,3349,3459,3469,2871,2931,2821,1806,1822,1835,979,976,928,8160,8420,8225,9330,9883,9265,6437,6827,6021,1222,1359,1273,424,411,425,10728,11606,11216,11541,11638,11053,8452,8485,8257,1002,1062,1043,461,454,436
141,1819,1867,1931,2592,2642,2681,2951,2981,3030,3369,3339,3429,3479,3569,3599,2135,2202,2132,2602,2552,2632,2552,2602,2432,2253,2243,2213,1506,1487,1433,3300,3549,3409,3369,3499,3459,2891,2961,2841,1819,1813,1838,960,963,916,8192,8452,8322,9428,9980,9363,6502,6859,6031,1251,1353,1292,413,421,432,10793,11736,11313,11638,11671,11086,8517,8582,8290,986,1110,1075,442,454,436
151,1864,1873,1963,2632,2671,2671,2981,3020,3050,3389,3369,3459,3529,3529,3589,2173,2243,2160,2622,2582,2661,2592,2592,2472,2233,2273,2233,1500,1461,1417,3359,3619,3399,3429,3499,3509,2961,2991,2851,1816,1825,1851,973,992,900,8290,8582,8452,9493,10045,9428,6469,6957,6061,1232,1356,1292,429,438,419,10923,11834,11411,11671,11736,11216,8517,8615,8290,976,1066,1062,448,448,437
161,1867,1883,1959,2642,2681,2711,3000,3010,3080,3379,3389,3469,3539,3599,3629,2148,2259,2170,2632,2612,2661,2582,2592,2512,2193,2283,2263,1500,1516,1430,3369,3649,3459,3429,3559,3549,2991,3000,2881,1822,1835,1832,951,967,912,8387,8680,8517,9590,10110,9525,6567,6989,6131,1260,1362,1295,431,437,426,10956,11931,11476,11768,11801,11248,8647,8647,8387,995,1110,1066,472,457,446
171,1854,1899,1988,2652,2741,2711,3030,3040,3100,3399,3389,3499,3589,3599,3668,2183,2288,2215,2642,2632,2661,2612,2642,2502,2253,2273,2223,1522,1487,1423,3389,3688,3489,3479,3549,3559,2971,3050,2901,1829,1838,1867,983,963,903,8517,8745,8582,9655,10208,9590,6599,7054,6141,1238,1356,1299,424,432,434,11118,12029,11606,11834,11899,11346,8647,8712,8420,1011,1085,1085,443,443,432
181,1889,1899,1966,2661,2761,2741,3030,3080,3100,3429,3419,3529,3629,3649,3668,2234,2275,2176,2681,2632,2741,2632,2642,2512,2243,2283,2263,1503,1490,1430,3419,3708,3529,3509,3629,3609,3000,3040,2891,1835,1841,1857,963,976,890,8550,8875,8680,9720,10305,9623,6632,7054,6241,1251,1385,1305,417,422,423,11183,12094,11638,11899,11964,11378,8712,8745,8485,999,1126,1091,450,442,443
191,1905,1912,2017,2681,2711,2741,3080,3120,3160,3439,3439,3549,3609,3629,3678,2215,2307,2231,2711,2661,2731,2632,2661,2532,2233,2283,2253,1503,1484,1455,3469,3748,3569,3509,3619,3639,3010,3080,2921,1838,1844,1851,967,999,912,8712,8940,8745,9818,10338,9720,6697,7119,6221,1225,1356,1321,433,421,430,11248,12191,11768,11899,11996,11443,8745,8777,8485,995,1098,1066,462,437,449
201,1908,1947,2036,2711,2801,2811,3090,3110,3160,3509,3469,3569,3649,3678,3718,2243,2339,2224,2711,2681,2751,2652,2711,2502,2223,2283,2263,1503,1500,1420,3479,3778,3589,3539,3658,3639,3050,3060,2941,1832,1854,1867,957,960,893,8745,9038,8842,9883,10436,9785,6729,7152,6271,1241,1391,1302,431,428,430,11313,12289,11866,12029,12061,11508,8810,8875,8550,1005,1123,1107,456,441,446
211,1902,1934,2036,2731,2801,2801,3090,3130,3160,3509,3489,3569,3649,3738,3718,2247,2339,2256,2721,2701,2771,2661,2701,2532,2243,2273,2263,1525,1481,1423,3509,3808,3609,3579,3658,3668,3070,3120,2951,1835,1860,1896,970,976,919,8842,9103,8940,9948,10468,9850,6794,7184,6330,1260,1378,1331,403,436,419,11443,12386,11996,12094,12159,11573,8875,8908,8582,986,1110,1062,450,453,437
221,1937,1963,2049,2741,2841,2831,3110,3160,3220,3509,3509,3609,3668,3718,3758,2253,2371,2259,2761,2721,2781,2671,2701,2532,2243,2283,2253,1500,1519,1430,3559,3838,3668,3589,3698,3708,3070,3100,2961,1870,1880,1851,970,976,919,8908,9233,9070,10013,10566,9915,6827,7217,6370,1254,1391,1321,420,436,416,11508,12451,12061,12159,12159,11638,8875,8940,8647,1034,1142,1114,467,460,448
231,1963,1975,2058,2781,2851,2851,3130,3190,3230,3529,3509,3649,3708,3738,3798,2282,2358,2275,2741,2751,2831,2691,2681,2582,2253,2342,2263,1513,1461,1401,3589,3878,3658,3579,3748,3738,3090,3140,2971,1816,1883,1896,973,954,903,9005,9330,9103,10013,10631,9948,6827,7282,6380,1251,1372,1334,420,421,426,11606,12549,12126,12256,12256,11703,8973,9005,8680,1005,1129,1088,459,445,444
241,1972,1979,2125,2801,2881,2851,3150,3200,3260,3559,3519,3639,3718,3748,3778,2311,2397,2295,2791,2761,2811,2721,2711,2562,2243,2283,2273,1525,1500,1436,3609,3938,3718,3658,3778,3778,3110,3150,3020,1844,1880,1883,960,973,906,9103,9395,9200,10143,10696,9980,6892,7314,6410,1264,1388,1295,421,428,417,11703,12646,12256,12256,12321,11768,9005,9038,8777,1024,1110,1094,451,447,451
251,1985,2017,2100,2821,2881,2881,3190,3180,3220,3539,3589,3649,3728,3788,3818,2330,2400,2298,2791,2771,2831,2751,2771,2582,2263,2323,2303,1493,1519,1426,3619,3918,3728,3658,3758,3798,3140,3170,3030,1835,1848,1905,973,963,887,9168,9460,9265,10208,10761,10078,6924,7347,6500,1260,1388,1350,438,436,417,11736,12744,12386,12321,12354,11834,9005,9103,8810,1011,1126,1098,467,454,437
261,1985,1988,2113,2841,2901,2891,3170,3250,3270,3579,3569,3678,3788,3838,3858,2320,2409,2330,2811,2821,2861,2721,2711,2632,2263,2313,2293,1506,1481,1420,3678,3978,3748,3718,3838,3828,3160,3190,3040,1848,1902,1889,957,992,925,9233,9558,9363,10273,10826,10175,6957,7412,6500,1264,1382,1324,428,425,433,11834,12841,12451,12419,12419,11866,9070,9135,8842,1024,1136,1107,464,451,434
271,2014,2033,2138,2871,2931,2921,3240,3230,3300,3609,3599,3698,3808,3798,3838,2317,2425,2317,2811,2811,2881,2761,2781,2612,2243,2332,2273,1506,1500,1433,3678,3997,3778,3738,3838,3858,3180,3180,3080,1860,1854,1883,989,967,941,9395,9623,9428,10338,10923,10240,6989,7445,6530,1292,1410,1356,417,436,430,11931,12939,12516,12419,12419,11931,9135,9168,8842,1002,1139,1104,449,435,446
281,2026,2046,2135,2871,2941,2941,3240,3260,3329,3649,3589,3688,3778,3808,3878,2374,2448,2362,2851,2861,2881,2801,2761,2602,2303,2303,2283,1525,1503,1420,3728,4017,3818,3768,3878,3878,3160,3250,3070,1867,1902,1902,970,957,890,9460,9720,9525,10403,10988,10305,7022,7477,6570,1270,1404,1324,424,430,429,11996,13036,12614,12549,12549,11964,9168,9200,8908,1043,1136,1094,456,429,449
291,2052,2058,2167,2901,2971,2981,3260,3270,3339,3639,3599,3728,3808,3838,3888,2374,2457,2368,2861,2861,2871,2751,2771,2622,2253,2323,2283,1506,1506,1439,3758,4087,3858,3828,3888,3938,3200,3260,3100,1851,1876,1899,970,992,916,9558,9818,9590,10436,11053,10305,7054,7510,6640,1264,1420,1337,413,423,421,12094,13101,12744,12549,12581,12029,9233,9233,8973,1015,1129,1110,473,452,427
301,2058,2084,2202,2911,2961,2991,3280,3310,3369,3658,3629,3758,3838,3868,3888,2384,2486,2355,2881,2901,2921,2791,2801,2681,2263,2313,2313,1497,1503,1420,3808,4087,3908,3818,3948,3928,3220,3280,3110,1838,1924,1873,973,957,903,9623,9883,9688,10468,11053,10403,7087,7542,6640,1283,1423,1356,424,427,415,12191,13199,12809,12679,12646,12094,9265,9298,9038,1021,1120,1117,482,455,448
311,2084,2052,2199,2931,3020,2981,3270,3310,3349,3658,3668,3738,3838,3848,3908,2371,2524,2387,2891,2911,2941,2801,2831,2671,2293,2313,2293,1509,1458,1423,3808,4157,3938,3848,3948,3928,3240,3290,3160,1889,1896,1902,957,986,912,9688,9980,9753,10598,11183,10436,7119,7542,6659,1286,1407,1340,429,422,428,12256,13329,12874,12711,12679,12126,9298,9330,9070,1027,1152,1094,476,436,454
321,2058,2093,2228,2951,3030,3000,3320,3329,3359,3658,3649,3788,3878,3888,3928,2419,2524,2400,2901,2891,2941,2771,2801,2652,2283,2352,2332,1513,1522,1458,3828,4187,3948,3858,3968,3988,3240,3329,3140,1860,1889,1886,983,976,925,9753,10045,9850,10631,11216,10533,7152,7607,6689,1270,1426,1331,434,437,429,12354,13394,13004,12711,12776,12191,9363,9363,9070,1024,1177,1104,458,446,446
331,2077,2087,2240,2971,3010,3020,3310,3349,3399,3668,3698,3808,3888,3898,3948,2435,2528,2409,2971,2941,2961,2821,2841,2671,2283,2352,2293,1522,1481,1433,3888,4217,4007,3898,4007,4007,3270,3320,3170,1870,1889,1912,983,979,919,9883,10175,9915,10696,11281,10566,7217,7672,6729,1276,1414,1350,422,426,432,12419,13492,13101,12776,12776,12256,9363,9428,9135,1043,1133,1114,454,454,460
341,2132,2122,2247,2981,3050,3010,3320,3379,3409,3698,3698,3798,3858,3928,3958,2425,2559,2435,2921,2921,3000,2821,2811,2681,2303,2362,2313,1497,1490,1420,3908,4257,3997,3918,4037,4037,3280,3329,3190,1870,1889,1899,957,976,925,9948,10240,9980,10761,11346,10631,7217,7705,6739,1260,1430,1347,431,416,428,12484,13557,13134,12841,12874,12289,9428,9428,9168,1031,1133,1098,464,450,429
351,2097,2138,2247,2991,3110,3070,3369,3379,3429,3698,3688,3788,3898,3968,3988,2451,2547,2454,2941,2991,2991,2821,2881,2731,2313,2362,2332,1506,1474,1455,3908,4297,4067,3928,4047,4057,3320,3379,3190,1883,1889,1934,973,963,909,10045,10273,10110,10793,11378,10663,7217,7737,6779,1302,1430,1337,437,429,433,12549,13622,13264,12906,12939,12386,9460,9493,9200,1024,1149,1123,458,453,441
361,2119,2132,2288,3040,3090,3090,3369,3389,3439,3728,3728,3828,3908,3938,3997,2480,2534,2473,2951,2951,2991,2871,2851,2701,2303,2352,2293,1497,1500,1404,3958,4297,4087,3938,4067,4087,3329,3349,3200,1889,1921,1918,979,973,900,10078,10371,10143,10858,11508,10761,7314,7770,6799,1276,1423,1343,417,417,427,12679,13752,13362,12939,12971,12419,9493,9525,9233,1043,1126,1129,452,454,444
371,2148,2173,2272,3050,3090,3070,3389,3399,3449,3738,3718,3828,3908,3988,4037,2467,2614,2467,2971,3000,3040,2881,2871,2711,2293,2352,2313,1500,1500,1420,3988,4326,4107,3988,4077,4107,3339,3399,3240,1876,1892,1918,970,992,906,10208,10436,10240,10923,11541,10761,7314,7770,6859,1295,1404,1356,400,424,422,12744,13882,13427,13036,13004,12484,9558,9558,9298,1027,1152,1110,461,442,446
381,2141,2170,2304,3040,3120,3090,3389,3439,3489,3728,3728,3848,3938,3997,3997,2496,2614,2486,3000,3020,3040,2861,2911,2731,2293,2382,2283,1522,1484,1420,3988,4396,4127,4017,4107,4157,3369,3389,3260,1870,1918,1918,954,970,919,10305,10533,10305,10988,11573,10858,7347,7802,6869,1283,1430,1372,429,429,427,12841,13947,13524,13036,13004,12451,9558,9590,9330,1050,1145,1123,457,447,437
391,2160,2183,2301,3070,3140,3100,3409,3459,3499,3778,3758,3878,3968,3968,4027,2518,2604,2521,3030,3020,3060,2881,2881,2731,2313,2372,2352,1506,1484,1407,4047,4406,4137,3997,4177,4167,3369,3419,3260,1892,1908,1899,970,995,903,10338,10598,10371,11021,11671,10858,7347,7835,6909,1283,1436,1356,421,433,435,12906,14012,13622,13101,13101,12516,9590,9623,9298,1043,1155,1120,468,442,437
401,2180,2196,2330,3050,3160,3130,3429,3449,3499,3748,3758,3868,3968,3997,4077,2524,2639,2515,3020,3040,3060,2911,2901,2761,2313,2402,2332,1519,1503,1430,4087,4436,4187,4077,4167,4187,3369,3449,3300,1902,1915,1912,989,951,900,10403,10696,10468,11053,11671,10956,7347,7900,6909,1286,1439,1362,420,438,413,13004,14109,13752,13166,13134,12581,9623,9655,9395,1046,1155,1129,478,458,441
411,2173,2215,2355,3110,3190,3100,3429,3469,3509,3778,3788,3878,3997,3997,4067,2531,2655,2524,3030,3040,3040,2891,2881,2761,2313,2372,2342,1513,1509,1430,4097,4476,4237,4047,4227,4197,3379,3449,3300,1886,1934,1927,967,944,912,10468,10761,10501,11118,11736,10988,7445,7900,6969,1318,1445,1343,417,444,422,13036,14207,13817,13166,13166,12646,9688,9720,9428,1050,1161,1133,465,459,452
421,2205,2199,2346,3100,3180,3150,3469,3449,3569,3808,3778,3908,3978,4027,4047,2534,2668,2528,3080,3070,3130,2931,2931,2751,2313,2352,2342,1477,1471,1433,4107,4496,4227,4087,4227,4217,3419,3469,3270,1883,1918,1931,970,973,912,10598,10826,10631,11183,11834,11021,7445,7932,6979,1302,1442,1362,418,416,414,13166,14272,13882,13264,13231,12711,9720,9720,9428,1037,1149,1117,456,452,443
431,2205,2256,2371,3150,3200,3170,3489,3489,3519,3818,3808,3918,3988,4027,4077,2563,2694,2556,3070,3090,3100,2951,2941,2791,2313,2352,2352,1519,1493,1410,4147,4526,4287,4117,4207,4247,3419,3489,3329,1905,1908,1927,970,983,916,10631,10891,10696,11216,11866,11053,7477,7932,6998,1292,1433,1372,420,444,417,13231,14369,13979,13297,13264,12711,9753,9753,9493,1043,1168,1136,455,460,457
441,2218,2247,2374,3160,3220,3180,3469,3499,3579,3788,3818,3948,4027,4077,4097,2563,2690,2572,3090,3120,3100,2941,2971,2771,2293,2382,2362,1516,1493,1426,4147,4566,4336,4137,4277,4247,3429,3529,3359,1883,1915,1915,986,986,903,10728,10988,10728,11248,11899,11118,7510,8030,7028,1302,1426,1372,424,408,427,13297,14499,14077,13329,13329,12776,9785,9785,9493,1053,1174,1110,466,459,435
451,2221,2247,2397,3170,3200,3220,3459,3539,3559,3838,3818,3938,3978,4077,4097,2607,2703,2579,3080,3120,3160,2951,2941,2801,2303,2372,2402,1538,1509,1426,4227,4576,4366,4137,4297,4267,3469,3529,3359,1896,1934,1937,976,963,912,10793,11053,10793,11313,11931,11151,7542,8030,7088,1302,1452,1385,420,415,421,13362,14532,14174,13394,13362,12809,9818,9818,9525,1053,1168,1145,455,444,453
461,2237,2263,2397,3150,3240,3170,3499,3539,3609,3848,3838,3938,4007,4087,4127,2627,2719,2575,3110,3140,3160,2971,2981,2791,2323,2372,2342,1506,1490,1445,4227,4606,4356,4187,4287,4317,3469,3499,3369,1896,1908,1931,951,979,922,10858,11151,10858,11378,11996,11183,7542,7997,7058,1315,1452,1350,421,426,437,13459,14597,14207,13427,13394,12874,9850,9850,9525,1037,1158,1136,454,448,463
471,2243,2259,2419,3190,3280,3210,3499,3539,3579,3868,3838,3948,4047,4067,4107,2611,2732,2611,3100,3150,3160,2951,2981,2831,2342,2412,2382,1509,1500,1433,4217,4655,4376,4197,4346,4346,3469,3569,3359,1870,1905,1953,963,992,925,10956,11248,10891,11443,12061,11248,7542,8062,7098,1302,1442,1388,433,429,425,13492,14694,14304,13459,13492,12874,9818,9915,9590,1056,1149,1107,468,459,446
481,2256,2259,2435,3190,3290,3220,3509,3559,3609,3878,3848,3968,4037,4097,4157,2630,2748,2579,3130,3150,3170,2991,2961,2811,2303,2382,2342,1506,1474,1426,4267,4665,4396,4217,4376,4396,3509,3569,3379,1905,1953,1950,973,954,928,11021,11248,10988,11476,12094,11281,7575,8062,7118,1302,1461,1382,424,439,421,13589,14792,14434,13492,13492,12971,9948,9915,9590,1059,1174,1145,468,457,438
491,2269,2307,2413,3200,3260,3210,3549,3579,3629,3868,3848,3978,4077,4077,4127,2627,2735,2665,3140,3190,3190,2981,3000,2841,2342,2402,2342,1522,1519,1426,4307,4715,4426,4257,4366,4396,3529,3539,3399,1915,1934,1931,1005,979,928,11118,11346,11086,11508,12159,11313,7607,8095,7158,1289,1461,1385,435,423,430,13719,14857,14467,13524,13524,13004,9948,9948,9655,1043,1171,1136,460,455,451
501,2279,2304,2470,3220,3290,3240,3559,3569,3599,3878,3848,3997,4067,4097,4147,2665,2767,2623,3140,3190,3200,2991,2971,2841,2332,2372,2342,1500,1490,1414,4326,4725,4476,4267,4376,4406,3509,3559,3429,1896,1931,1947,948,970,893,11183,11411,11151,11541,12159,11411,7640,8127,7158,1311,1449,1369,423,439,430,13719,14955,14564,13589,13589,13004,9948,10013,9720,1043,1174,1129,443,453,447
511,2282,2323,2470,3230,3270,3250,3589,3599,3629,3878,3868,3997,4077,4117,4147,2671,2805,2652,3160,3220,3190,3020,3000,2841,2313,2402,2382,1509,1477,1449,4346,4745,4496,4277,4416,4416,3509,3579,3389,1892,1934,1927,979,963,928,11248,11443,11183,11606,12224,11443,7672,8160,7188,1295,1458,1369,415,433,413,13784,15020,14662,13622,13622,13036,9980,9980,9720,1056,1197,1139,469,453,438
521,2311,2307,2464,3250,3320,3260,3539,3649,3639,3888,3878,4007,4067,4127,4187,2649,2777,2662,3190,3200,3230,3020,3050,2861,2352,2412,2372,1519,1503,1430,4396,4805,4506,4326,4436,4446,3539,3599,3449,1883,1956,1927,989,986,900,11248,11541,11248,11638,12256,11476,7705,8160,7208,1292,1436,1353,414,410,428,13882,15085,14694,13654,13654,13101,10013,10045,9753,1056,1181,1152,469,452,452
531,2301,2352,2480,3260,3329,3270,3559,3599,3678,3878,3938,4057,4087,4107,4147,2665,2815,2694,3190,3210,3260,3020,3000,2831,2313,2402,2372,1506,1490,1423,4366,4795,4566,4317,4446,4456,3579,3599,3439,1902,1927,1927,979,992,912,11378,11606,11313,11638,12289,11476,7705,8225,7248,1299,1465,1401,418,436,419,13947,15182,14792,13719,13719,13134,10013,10078,9785,1059,1190,1152,458,446,453
541,2311,2323,2515,3250,3329,3320,3579,3629,3658,3918,3898,3997,4107,4137,4167,2716,2812,2674,3190,3260,3270,3020,3010,2871,2332,2382,2372,1506,1471,1426,4436,4835,4566,4376,4466,4506,3559,3639,3459,1918,1937,1956,983,986,890,11411,11638,11346,11703,12354,11541,7770,8257,7278,1295,1465,1366,426,438,417,14012,15247,14857,13784,13719,13199,10078,10110,9785,1085,1152,1142,458,455,429
551,2333,2352,2508,3270,3349,3300,3609,3658,3688,3908,3858,4047,4107,4137,4217,2719,2847,2694,3200,3270,3260,3040,3010,2841,2332,2422,2382,1528,1513,1417,4456,4855,4606,4376,4496,4546,3559,3639,3469,1892,1947,1950,960,951,925,11508,11736,11443,11736,12386,11573,7737,8225,7278,1321,1468,1385,423,428,420,14109,15312,14955,13784,13784,13231,10110,10110,9850,1043,1187,1126,456,459,462
561,2349,2365,2486,3290,3359,3300,3629,3639,3678,3938,3938,4047,4107,4137,4197,2719,2863,2694,3230,3300,3270,3020,3040,2881,2323,2402,2372,1513,1506,1436,4456,4885,4616,4376,4526,4506,3589,3658,3479,1899,1966,1947,960,983,903,11573,11768,11508,11834,12419,11606,7770,8290,7258,1324,1458,1382,426,420,432,14142,15410,15052,13849,13784,13231,10143,10110,9850,1066,1171,1126,446,445,441
571,2326,2358,2531,3320,3369,3339,3619,3658,3678,3928,3908,4027,4117,4177,4197,2729,2844,2706,3250,3270,3300,3070,3040,2861,2323,2402,2362,1525,1509,1414,4506,4925,4665,4396,4506,4566,3629,3649,3479,1892,1927,1931,951,995,951,11573,11834,11573,11834,12451,11671,7770,8290,7327,1327,1452,1410,436,433,427,14239,15507,15117,13882,13849,13297,10143,10175,9850,1066,1181,1155,455,463,455
581,2374,2362,2544,3300,3369,3339,3619,3658,3668,3958,3938,4047,4127,4177,4187,2767,2856,2732,3260,3290,3320,3050,3040,2861,2352,2432,2402,1500,1484,1452,4496,4945,4655,4426,4566,4556,3609,3688,3509,1905,1937,1963,1005,957,909,11671,11899,11638,11866,12516,11671,7802,8322,7327,1305,1484,1375,415,428,422,14304,15540,15215,13882,13882,13329,10175,10175,9915,1046,1181,1149,460,456,451
591,2355,2387,2575,3300,3379,3320,3609,3678,3698,3928,3918,4087,4147,4157,4227,2738,2875,2748,3250,3320,3310,3060,3070,2881,2352,2392,2372,1525,1490,1442,4526,4955,4685,4446,4586,4566,3629,3698,3489,1918,1947,1947,983,1005,944,11768,11964,11703,11899,12581,11703,7835,8355,7347,1305,1449,1401,416,429,422,14337,15637,15280,13947,13914,13362,10208,10208,9883,1059,1190,1139,487,451,452
601,2394,2394,2566,3300,3389,3349,3629,3668,3718,3978,3928,4067,4167,4187,4217,2754,2898,2745,3240,3300,3329,3060,3070,2861,2313,2422,2382,1503,1481,1404,4556,4975,4715,4466,4576,4586,3639,3688,3499,1908,1953,1953,967,960,906,11801,12029,11736,11931,12614,11768,7867,8355,7367,1321,1445,1404,414,421,428,14434,15735,15345,13979,13914,13394,10240,10240,9915,1072,1187,1126,462,463,447
611,2368,2413,2588,3329,3419,3349,3658,3668,3698,3948,3968,4057,4137,4177,4217,2783,2904,2761,3300,3329,3349,3060,3050,2891,2342,2412,2392,1528,1516,1474,4606,5004,4745,4466,4606,4636,3639,3708,3549,1947,1940,1937,948,983,928,11899,12029,11768,11964,12646,11834,7867,8387,7337,1305,1461,1382,438,432,414,14499,15767,15410,13979,13947,13394,10208,10273,9948,1062,1187,1158,457,449,425
1021,2706,2754,2962,3688,3748,3629,3898,3958,3988,4157,4157,4297,4336,4376,4406,3166,3329,3150,3668,3748,3728,3270,3290,3080,2372,2452,2462,1519,1500,1449,5423,5972,5633,5154,5323,5343,4027,4077,3898,1940,1956,1972,983,967,903,14174,14304,13947,13427,14077,13069,8517,9070,8025,1327,1522,1420,432,423,437,17230,18888,18498,15345,15247,14759,11216,11118,10858,1091,1200,1168,462,461,455
1121,2748,2793,2994,3698,3788,3678,3948,3968,3997,4167,4167,4326,4326,4376,4416,3223,3338,3182,3698,3828,3778,3310,3310,3130,2372,2502,2422,1516,1519,1426,5493,6061,5702,5244,5393,5373,4027,4107,3928,1934,1995,1991,983,1008,916,14402,14467,14142,13492,14207,13199,8582,9135,8025,1359,1513,1417,427,426,441,17523,19246,18888,15442,15377,14922,11248,11248,10891,1117,1206,1197,476,445,467
1221,2793,2802,3048,3738,3778,3698,3958,4007,4027,4207,4187,4317,4346,4396,4426,3255,3386,3223,3728,3848,3808,3300,3300,3110,2392,2472,2422,1525,1500,1430,5573,6091,5782,5294,5383,5433,4077,4107,3988,1950,1979,1969,986,976,944,14597,14662,14337,13622,14304,13362,8615,9200,8075,1334,1500,1394,423,424,425,17751,19506,19148,15572,15507,15020,11346,11313,11021,1104,1200,1171,466,450,461
1321,2764,2815,3054,3748,3828,3738,3997,4007,4057,4187,4187,4346,4326,4416,4436,3287,3396,3236,3748,3908,3828,3339,3349,3140,2402,2502,2432,1506,1519,1433,5633,6191,5812,5343,5463,5473,4107,4157,3978,1927,2014,1985,976,989,919,14759,14792,14499,13784,14402,13394,8647,9233,8135,1366,1516,1433,436,433,435,17978,19734,19409,15637,15605,15117,11411,11346,11053,1107,1219,1165,460,455,441
1421,2815,2828,3073,3778,3828,3728,3978,4007,4077,4217,4257,4356,4366,4406,4456,3290,3450,3265,3778,3918,3838,3359,3359,3130,2412,2492,2452,1513,1493,1436,5643,6221,5842,5363,5493,5513,4067,4197,3988,1959,1995,1995,992,973,922,14890,14955,14597,13849,14499,13492,8712,9265,8165,1362,1509,1436,436,435,436,18173,19961,19604,15702,15670,15215,11476,11378,11086,1107,1206,1187,453,457,461
1521,2831,2869,3077,3788,3858,3748,3997,4047,4097,4237,4247,4336,4336,4386,4446,3335,3482,3297,3798,3938,3848,3349,3369,3160,2422,2482,2462,1528,1503,1430,5712,6251,5902,5393,5543,5593,4097,4207,4027,1963,2007,1991,963,973,906,14987,15020,14727,13882,14564,13557,8712,9298,8185,1350,1500,1420,426,425,421,18368,20189,19766,15832,15735,15280,11541,11476,11151,1082,1219,1200,479,455,458
1621,2844,2869,3124,3778,3888,3758,4027,4037,4067,4227,4227,4356,4356,4406,4456,3335,3501,3326,3808,3928,3878,3369,3359,3140,2402,2502,2462,1516,1516,1442,5732,6261,5942,5403,5573,5583,4147,4217,4027,1927,1988,2007,979,983,925,15117,15150,14759,14044,14662,13654,8745,9330,8205,1350,1532,1430,418,423,421,18498,20384,19994,15865,15800,15377,11573,11476,11248,1110,1216,1193,463,464,425
1721,2869,2891,3124,3828,3848,3758,4047,4067,4107,4247,4237,4356,4366,4386,4436,3351,3482,3345,3828,3948,3878,3379,3379,3180,2412,2492,2452,1538,1506,1449,5752,6320,5962,5433,5583,5613,4157,4207,4057,1956,2004,1982,986,995,922,15247,15247,14890,14044,14694,13719,8777,9363,8225,1350,1544,1417,437,439,440,18628,20514,20091,15962,15897,15442,11606,11541,11281,1094,1232,1190,468,451,448
1821,2891,2911,3147,3808,3898,3768,4057,4027,4107,4257,4247,4386,4386,4386,4456,3380,3498,3332,3818,3958,3928,3359,3369,3190,2412,2482,2482,1516,1503,1439,5792,6370,6011,5493,5603,5613,4177,4247,4017,1959,1998,1998,979,992,922,15345,15312,14955,14109,14759,13752,8777,9330,8255,1356,1528,1436,439,432,426,18726,20644,20254,16027,15962,15507,11671,11606,11281,1110,1225,1209,458,442,456
1921,2904,2936,3153,3848,3918,3808,4047,4087,4117,4277,4247,4356,4346,4396,4466,3389,3501,3351,3818,4007,3908,3389,3399,3190,2422,2502,2462,1516,1516,1426,5802,6360,5962,5483,5652,5672,4157,4207,4017,1969,1991,2020,976,1005,925,15442,15410,15052,14207,14825,13817,8777,9395,8275,1362,1538,1420,421,443,429,18823,20774,20384,16060,16027,15540,11703,11638,11281,1107,1244,1206,480,459,455
2021,2920,2939,3182,3808,3898,3828,4067,4077,4137,4237,4267,4396,4346,4396,4446,3409,3536,3351,3858,3988,3938,3419,3419,3200,2402,2502,2472,1528,1528,1430,5812,6370,6041,5523,5613,5652,4167,4247,4087,1947,2023,2004,1002,992,912,15475,15410,15085,14239,14857,13849,8842,9428,8305,1359,1519,1455,428,418,429,18921,20904,20416,16157,16027,15572,11703,11638,11346,1104,1219,1177,467,457,463
2121,2914,2939,3182,3888,3898,3828,4087,4097,4137,4257,4277,4386,4386,4406,4476,3389,3555,3364,3848,4007,3958,3399,3399,3180,2432,2522,2482,1513,1503,1471,5842,6380,6071,5513,5633,5652,4167,4247,4077,1963,2004,1988,979,992,922,15507,15507,15182,14272,14890,13882,8842,9428,8334,1340,1535,1442,422,427,431,19018,20969,20546,16190,16092,15670,11736,11638,11378,1123,1235,1193,477,468,455
2221,2943,2974,3185,3868,3928,3808,4077,4107,4137,4247,4297,4376,4356,4386,4466,3405,3517,3357,3888,4027,3948,3409,3409,3210,2402,2502,2472,1528,1525,1445,5892,6390,6051,5543,5652,5702,4197,4247,4067,1956,2007,2017,1002,983,928,15572,15572,15215,14304,14955,13914,8842,9460,8334,1353,1509,1442,416,448,414,19083,21034,20611,16222,16125,15735,11801,11671,11346,1101,1200,1181,454,462,442
2321,2927,2971,3195,3878,3928,3818,4057,4107,4137,4277,4257,4416,4356,4396,4466,3418,3536,3393,3858,4017,3968,3419,3379,3200,2422,2522,2462,1535,1519,1455,5852,6410,6091,5553,5682,5702,4197,4277,4067,1953,1988,2030,986,992,944,15637,15605,15215,14304,14987,13979,8842,9493,8314,1359,1493,1445,423,436,421,19148,21164,20709,16255,16157,15735,11801,11703,11411,1114,1232,1187,458,463,461
2421,2943,2981,3207,3898,3928,3808,4107,4167,4167,4247,4257,4386,4366,4416,4466,3425,3533,3354,3868,4027,3978,3409,3379,3220,2422,2532,2462,1560,1500,1436,5882,6430,6061,5533,5672,5712,4167,4277,4097,1950,2033,1985,1011,983,935,15637,15637,15280,14337,14987,13947,8908,9460,8305,1362,1532,1445,433,425,424,19181,21197,20742,16288,16190,15735,11801,11703,11443,1133,1212,1200,476,463,458
2521,2962,2990,3198,3858,3928,3838,4097,4117,4167,4267,4267,4406,4386,4406,4466,3418,3536,3389,3898,4017,3978,3389,3429,3210,2422,2502,2482,1541,1541,1439,5862,6430,6071,5563,5682,5702,4207,4267,4127,1988,2001,2004,973,976,919,15735,15637,15312,14402,15020,14012,8875,9428,8344,1353,1519,1430,438,421,433,19246,21197,20807,16353,16222,15800,11801,11768,11476,1107,1222,1200,461,453,444
2621,2965,2990,3249,3888,3948,3838,4097,4157,4187,4277,4277,4376,4386,4416,4466,3421,3568,3393,3908,4017,3978,3399,3409,3230,2412,2522,2462,1554,1551,1461,5882,6440,6081,5573,5702,5712,4207,4297,4107,1966,1991,2001,976,976,941,15735,15702,15312,14434,15085,14044,8875,9493,8344,1366,1528,1410,443,446,426,19311,21327,20839,16320,16255,15832,11834,11768,11476,1104,1225,1206,467,466,457
2721,2946,3010,3220,3908,3968,3828,4097,4117,4167,4237,4307,4416,4386,4396,4486,3456,3568,3396,3868,4037,3958,3449,3409,3210,2442,2522,2462,1535,1522,1452,5862,6400,6081,5573,5702,5732,4197,4297,4087,1972,2033,1982,983,1002,925,15767,15702,15377,14467,15085,14077,8908,9493,8354,1359,1513,1417,432,441,433,19344,21359,20904,16385,16255,15865,11866,11801,11476,1117,1222,1193,468,457,462
2821,2984,3013,3243,3918,3978,3858,4087,4127,4177,4297,4297,4436,4356,4416,4476,3428,3549,3393,3928,4027,3968,3399,3429,3230,2412,2502,2502,1535,1522,1465,5872,6430,6081,5583,5722,5762,4207,4277,4097,1975,2014,2007,989,1002,900,15767,15767,15410,14499,15085,14109,8940,9525,8384,1362,1532,1458,425,438,435,19344,21392,20937,16385,16320,15897,11866,11801,11508,1123,1225,1190,469,463,448
2921,2990,3006,3236,3918,3968,3848,4117,4127,4187,4277,4267,4426,4386,4426,4466,3425,3571,3364,3928,4057,4017,3409,3419,3220,2422,2522,2482,1532,1525,1449,5882,6400,6081,5603,5702,5722,4177,4297,4097,1953,2014,2001,999,999,922,15800,15767,15442,14499,15150,14109,8940,9493,8374,1372,1532,1439,436,440,412,19409,21457,20969,16385,16320,15930,11931,11801,11508,1110,1219,1206,475,480,447
3021,2978,3032,3243,3918,3968,3868,4097,4127,4177,4307,4307,4446,4406,4426,4486,3444,3575,3373,3938,4037,4007,3429,3429,3240,2432,2512,2472,1538,1503,1458,5902,6420,6071,5593,5702,5732,4217,4267,4097,1959,2007,2004,989,999,912,15832,15832,15475,14499,15150,14142,8940,9493,8394,1353,1487,1452,427,433,433,19409,21489,21002,16450,16385,15930,11931,11801,11476,1126,1232,1200,478,455,452
3121,2987,3022,3236,3938,3988,3858,4127,4147,4197,4307,4267,4426,4386,4416,4476,3460,3575,3393,3898,4047,3988,3439,3439,3250,2432,2492,2472,1541,1506,1430,5882,6430,6061,5623,5712,5742,4247,4277,4097,1969,2014,2017,1011,986,944,15865,15865,15475,14564,15182,14174,8940,9525,8374,1369,1538,1436,424,430,436,19441,21489,21034,16450,16353,15995,11931,11834,11541,1123,1235,1206,472,463,456
3221,2994,3016,3274,3908,4017,3888,4117,4137,4187,4317,4287,4416,4376,4426,4466,3425,3571,3409,3908,4067,4007,3449,3459,3240,2402,2482,2452,1532,1535,1439,5902,6440,6071,5623,5702,5762,4207,4287,4127,1956,1998,2007,999,976,916,15897,15832,15507,14564,15182,14174,8940,9525,8394,1362,1522,1442,438,448,438,19441,21489,21034,16515,16418,15995,11931,11834,11573,1104,1238,1219,463,458,452
3321,3016,3045,3255,3928,3988,3908,4117,4157,4177,4277,4336,4426,4386,4386,4486,3437,3565,3373,3898,4067,3978,3419,3439,3200,2462,2492,2512,1551,1519,1433,5892,6410,6111,5603,5712,5752,4207,4287,4107,1975,1985,1991,999,999,919,15930,15865,15507,14564,15215,14174,8973,9525,8374,1366,1525,1458,433,438,430,19506,21554,21132,16515,16418,15995,11964,11866,11541,1110,1225,1212,476,461,448
3421,3013,3057,3274,3928,4027,3858,4097,4197,4177,4297,4307,4416,4386,4396,4456,3415,3575,3399,3928,4057,3997,3419,3429,3240,2432,2532,2462,1528,1522,1455,5872,6450,6081,5613,5702,5762,4237,4237,4097,1979,2010,2010,986,986,925,15897,15897,15572,14564,15247,14207,8973,9558,8444,1347,1525,1452,431,431,441,19506,21619,21099,16548,16418,16060,11964,11899,11508,1129,1225,1209,471,468,457
3521,2997,3070,3290,3918,3988,3888,4147,4167,4197,4277,4307,4416,4396,4426,4476,3460,3571,3412,3928,4057,3988,3419,3449,3220,2442,2512,2472,1576,1535,1461,5892,6410,6091,5633,5732,5742,4217,4267,4127,1963,2001,1985,967,992,922,15897,15897,15572,14597,15247,14239,8973,9525,8424,1356,1538,1439,440,440,421,19539,21554,21099,16548,16450,16027,11996,11899,11573,1104,1251,1193,472,464,448
3621,3029,3029,3294,3908,4007,3858,4167,4157,4207,4317,4277,4436,4366,4456,4476,3456,3562,3415,3928,4047,3978,3419,3419,3220,2412,2542,2492,1532,1532,1458,5912,6460,6061,5593,5712,5772,4217,4277,4127,1966,2017,2007,995,976,935,15962,15930,15605,14662,15247,14239,8973,9558,8414,1375,1513,1452,437,431,425,19539,21587,21132,16613,16483,16092,11996,11866,11671,1107,1238,1197,448,453,454
3721,3026,3045,3294,3948,3997,3888,4127,4167,4207,4317,4317,4446,4396,4436,4496,3466,3610,3405,3948,4047,4007,3429,3439,3220,2452,2482,2482,1532,1519,1452,5872,6470,6091,5623,5732,5742,4247,4287,4127,1982,2007,2004,1005,1005,938,15962,15995,15605,14662,15312,14272,8973,9558,8414,1362,1528,1436,427,437,428,19539,21619,21132,16580,16483,16125,12029,11866,11573,1110,1238,1216,485,478,447
3821,3022,3067,3306,3968,3997,3868,4157,4167,4187,4297,4317,4426,4406,4426,4466,3460,3584,3383,3918,4067,4027,3459,3439,3230,2452,2552,2482,1557,1522,1471,5882,6440,6081,5643,5682,5772,4247,4297,4097,1969,2010,2020,976,967,909,15962,15995,15605,14629,15312,14272,8973,9623,8434,1366,1525,1468,431,440,433,19539,21652,21132,16613,16515,16125,11996,11899,11573,1091,1264,1216,472,462,436
3921,3016,3051,3287,3928,4017,3908,4157,4147,4227,4317,4317,4426,4386,4436,4456,3456,3616,3405,3938,4097,3997,3449,3439,3240,2462,2512,2482,1538,1525,1458,5892,6450,6071,5643,5742,5752,4227,4257,4117,1972,2033,2010,999,963,928,15995,16027,15637,14694,15280,14304,8973,9590,8414,1398,1509,1452,435,438,424,19571,21684,21197,16613,16580,16125,11996,11931,11638,1139,1241,1193,466,455,455
4021,3032,3102,3310,3948,4037,3928,4157,4187,4217,4297,4336,4426,4376,4466,4496,3472,3584,3421,3898,4077,3988,3429,3449,3220,2432,2522,2472,1541,1519,1471,5902,6420,6081,5643,5752,5732,4247,4287,4117,1975,2017,2033,989,1015,935,16027,16027,15637,14694,15345,14304,8973,9558,8454,1362,1548,1452,435,429,443,19571,21684,21164,16645,16580,16157,12029,11931,11606,1120,1241,1209,457,466,452
4121,3026,3089,3303,3968,4037,3938,4157,4187,4227,4317,4297,4496,4386,4456,4476,3450,3587,3415,3938,4087,3997,3449,3429,3240,2422,2522,2482,1541,1522,1481,5882,6420,6091,5613,5702,5792,4237,4287,4117,1959,1988,2026,995,1002,941,16060,16060,15670,14727,15377,14304,8973,9558,8434,1366,1528,1433,433,431,431,19571,21684,21164,16645,16580,16157,12061,11931,11638,1126,1251,1206,466,467,449
4221,3038,3096,3364,3928,4027,3908,4107,4187,4197,4336,4307,4456,4416,4426,4516,3456,3584,3405,3918,4057,3997,3429,3479,3240,2402,2532,2502,1538,1519,1455,5872,6430,6081,5623,5722,5772,4217,4297,4097,1969,2010,2007,989,979,941,16027,16092,15702,14694,15377,14337,9005,9590,8444,1343,1525,1449,423,425,426,19604,21684,21229,16645,16548,16157,12029,11931,11638,1126,1251,1219,474,460,450
4321,3022,3109,3319,3978,4067,3908,4147,4207,4217,4326,4307,4476,4406,4466,4466,3450,3568,3396,3918,4077,3997,3449,3439,3250,2442,2522,2522,1525,1522,1452,5882,6420,6091,5633,5722,5782,4217,4307,4077,1975,1991,2010,989,979,919,16060,16092,15702,14727,15377,14337,9038,9590,8414,1366,1528,1433,436,419,423,19636,21717,21229,16678,16580,16222,12029,11964,11638,1114,1260,1174,463,464,466
4421,3048,3064,3335,3988,4057,3908,4097,4177,4207,4346,4317,4436,4416,4446,4476,3469,3546,3425,3948,4067,3997,3439,3449,3250,2452,2512,2522,1541,1503,1461,5872,6420,6071,5633,5712,5742,4217,4287,4137,1988,2014,2010,979,979,932,16092,16092,15735,14759,15410,14337,9005,9623,8434,1388,1522,1468,434,449,427,19636,21717,21229,16710,16580,16222,12061,11964,11638,1117,1225,1206,453,468,451
4521,3032,3096,3335,3978,4057,3918,4147,4157,4227,4307,4336,4416,4386,4426,4476,3482,3578,3405,3938,4067,4017,3469,3439,3230,2432,2552,2502,1525,1535,1455,5872,6440,6081,5633,5732,5752,4217,4297,4127,1963,1995,1998,992,989,916,16060,16157,15800,14759,15410,14337,9038,9623,8474,1388,1525,1442,429,425,436,19636,21749,21262,16710,16613,16255,12094,11931,11638,1114,1244,1212,458,477,459
4621,3029,3118,3313,3978,4017,3938,4167,4197,4217,4336,4336,4426,4396,4406,4496,3450,3565,3396,3928,4077,4007,3459,3449,3220,2432,2522,2522,1535,1513,1465,5852,6440,6071,5662,5722,5772,4197,4307,4127,1988,2001,2010,970,979,906,16060,16157,15800,14792,15410,14337,9005,9590,8454,1362,1522,1430,422,443,414,19636,21749,21229,16710,16645,16255,12061,11996,11671,1107,1251,1222,457,450,449
4721,3051,3137,3354,3948,4067,3938,4137,4207,4247,4336,4307,4456,4396,4436,4496,3469,3575,3409,3948,4087,4007,3469,3459,3260,2412,2552,2502,1541,1513,1461,5882,6400,6081,5633,5712,5762,4237,4297,4117,1995,2042,2001,983,999,941,16092,16157,15832,14825,15442,14369,9038,9623,8464,1362,1551,1445,430,425,431,19669,21782,21229,16743,16613,16255,12094,11996,11638,1110,1254,1177,454,454,437
4821,3061,3096,3354,3968,4027,3918,4167,4217,4207,4326,4326,4416,4406,4426,4496,3472,3565,3415,3938,4097,3997,3459,3439,3250,2442,2502,2462,1573,1541,1455,5882,6390,6071,5643,5742,5742,4207,4317,4117,2001,1985,2020,1002,1005,948,16092,16157,15897,14825,15475,14402,9038,9623,8454,1369,1560,1468,433,436,431,19669,21814,21229,16775,16645,16288,12061,11996,11638,1139,1254,1197,477,456,467
4921,3096,3124,3345,3968,4037,3928,4157,4177,4227,4336,4326,4476,4416,4466,4486,3456,3575,3409,3928,4077,4007,3469,3459,3250,2442,2542,2492,1551,1538,1458,5882,6440,6081,5672,5762,5752,4237,4307,4127,1979,2023,2033,992,989,912,16157,16222,15897,14825,15475,14402,9038,9623,8474,1388,1557,1449,401,444,431,19669,21814,21262,16743,16645,16320,12061,11996,11703,1145,1264,1203,468,449,456
5021,3048,3112,3354,3968,4057,3928,4167,4187,4247,4317,4336,4456,4366,4466,4486,3472,3616,3396,3948,4067,4037,3459,3439,3270,2432,2542,2482,1551,1516,1461,5882,6420,6071,5662,5742,5762,4237,4297,4117,1963,2026,2004,986,986,928,16157,16222,15897,14792,15475,14434,9038,9623,8434,1369,1535,1465,459,439,429,19669,21814,21262,16775,16678,16320,12094,11931,11703,1107,1241,1184,457,465,455
5121,3077,3124,3364,3988,4057,3918,4157,4187,4237,4346,4346,4466,4386,4456,4496,3469,3587,3431,3978,4087,4017,3449,3469,3250,2412,2532,2482,1554,1532,1465,5842,6400,6081,5643,5752,5752,4227,4287,4107,1985,2026,2004,976,999,912,16190,16288,15930,14825,15507,14434,9038,9623,8434,1388,1544,1445,422,436,444,19701,21814,21262,16775,16678,16288,12061,11996,11703,1139,1232,1216,474,456,460
5221,3077,3112,3361,3988,4077,3948,4147,4217,4227,4336,4346,4466,4396,4426,4516,3482,3575,3396,3958,4087,4027,3489,3449,3250,2432,2542,2492,1554,1535,1465,5892,6400,6061,5633,5702,5782,4257,4317,4127,1991,2014,2020,992,983,925,16222,16255,15962,14890,15475,14467,9070,9623,8484,1372,1554,1461,443,439,430,19734,21814,21327,16840,16710,16320,12094,11996,11671,1136,1276,1193,461,468,460
5321,3096,3144,3361,3997,4077,3968,4177,4187,4247,4356,4317,4466,4396,4486,4486,3482,3581,3418,3948,4117,3997,3489,3459,3260,2452,2552,2482,1535,1525,1452,5892,6410,6061,5633,5742,5772,4247,4307,4127,1988,2014,1998,983,1002,928,16222,16288,15930,14857,15540,14467,9070,9655,8494,1375,1548,1468,444,439,431,19734,21814,21294,16808,16710,16320,12159,12061,11671,1123,1254,1203,480,467,467
5421,3073,3115,3357,3978,4027,3938,4187,4197,4237,4326,4317,4456,4396,4436,4486,3479,3594,3428,3978,4057,4027,3469,3479,3260,2442,2522,2502,1557,1519,1465,5862,6440,6081,5652,5792,5752,4237,4297,4117,1985,2010,2023,1008,979,922,16190,16288,15995,14922,15540,14467,9070,9655,8494,1404,1538,1455,427,431,431,19734,21847,21327,16840,16743,16320,12094,11996,11671,1142,1238,1203,473,466,450
5521,3083,3131,3402,3988,4047,3938,4167,4227,4207,4307,4336,4476,4386,4446,4506,3453,3603,3434,3948,4107,3997,3489,3509,3250,2442,2512,2482,1567,1525,1452,5862,6440,6091,5652,5712,5782,4227,4297,4127,1982,2049,2036,999,1011,887,16288,16353,16060,14922,15540,14499,9070,9655,8504,1388,1519,1468,432,424,431,19766,21847,21327,16808,16775,16288,12159,12029,11703,1126,1241,1197,455,476,455
5621,3083,3147,3418,4007,4087,3948,4177,4227,4207,4346,4326,4466,4386,4456,4486,3482,3578,3421,3978,4077,3978,3459,3479,3270,2432,2532,2462,1564,1513,1493,5852,6420,6081,5662,5722,5802,4247,4307,4127,1982,1998,2017,1011,957,948,16288,16353,16027,14922,15540,14499,9038,9655,8494,1347,1554,1458,424,433,423,19701,21879,21359,16873,16743,16385,12126,12029,11703,1110,1276,1206,482,473,454
5721,3096,3166,3399,3997,4077,3928,4157,4197,4247,4336,4346,4486,4376,4476,4506,3447,3594,3428,3938,4127,4017,3479,3479,3280,2472,2552,2482,1554,1538,1468,5872,6390,6081,5662,5772,5772,4267,4307,4117,1991,2007,2030,1008,989,935,16255,16385,16092,14922,15540,14499,9070,9655,8514,1372,1560,1445,430,443,438,19766,21944,21294,16840,16808,16385,12126,12029,11703,1136,1254,1212,472,463,448
5821,3105,3166,3393,3997,4067,3978,4197,4197,4247,4376,4326,4476,4416,4426,4496,3421,3578,3415,3938,4087,4017,3509,3499,3260,2442,2542,2502,1570,1548,1455,5862,6420,6071,5672,5762,5772,4257,4297,4127,1988,2033,2033,970,979,909,16320,16418,16060,14922,15540,14499,9103,9720,8504,1372,1538,1468,430,425,431,19734,21912,21327,16873,16775,16385,12126,12029,11703,1133,1248,1203,464,458,451
5921,3096,3153,3409,4007,4117,3928,4177,4217,4227,4346,4356,4466,4376,4466,4516,3479,3568,3425,3978,4097,4047,3489,3459,3260,2462,2542,2482,1541,1532,1458,5882,6440,6071,5672,5752,5772,4247,4317,4117,1991,2017,2046,979,992,938,16320,16450,16125,14955,15572,14499,9103,9655,8494,1362,1548,1455,449,443,434,19766,21879,21327,16873,16775,16385,12159,12061,11703,1117,1254,1225,468,463,464
6021,3102,3163,3405,4007,4057,3948,4167,4187,4237,4326,4336,4476,4386,4456,4496,3492,3571,3393,3968,4087,4037,3459,3489,3270,2452,2552,2472,1548,1519,1455,5852,6400,6081,5682,5762,5782,4257,4317,4137,1979,1995,2023,992,992,925,16320,16450,16125,14955,15605,14499,9103,9655,8504,1372,1557,1493,425,429,441,19766,21912,21392,16905,16808,16418,12126,12061,11703,1107,1251,1222,471,472,463
6121,3109,3176,3421,4037,4087,3958,4187,4217,4237,4336,4317,4466,4426,4476,4486,3466,3568,3425,3928,4097,4027,3489,3459,3290,2432,2552,2472,1544,1519,1449,5882,6420,6091,5672,5762,5772,4237,4317,4147,1991,2030,2023,1005,986,922,16320,16483,16190,14955,15637,14532,9103,9688,8504,1398,1535,1455,427,442,429,19766,21912,21392,16905,16840,16418,12159,12061,11703,1129,1248,1200,469,464,451
6221,3115,3160,3415,4037,4077,3968,4177,4217,4257,4356,4346,4466,4416,4446,4466,3469,3600,3428,3978,4097,4037,3499,3499,3280,2442,2522,2492,1557,1541,1465,5852,6430,6081,5672,5762,5772,4227,4326,4107,1985,2014,2007,973,1002,935,16353,16450,16157,14955,15572,14532,9103,9688,8514,1385,1548,1458,429,425,440,19799,21977,21424,16938,16840,16418,12159,12061,11768,1110,1260,1209,476,454,454
6321,3128,3198,3428,4037,4077,3978,4157,4217,4237,4366,4356,4486,4396,4476,4476,3472,3559,3431,3958,4077,4057,3469,3459,3280,2432,2532,2502,1532,1522,1452,5872,6430,6091,5692,5762,5762,4267,4307,4097,2020,2007,2039,983,979,922,16385,16515,16190,14955,15605,14564,9103,9688,8534,1378,1532,1442,430,432,425,19799,21977,21392,16905,16808,16418,12159,12061,11736,1110,1283,1228,468,463,445
6421,3131,3185,3444,4027,4067,3968,4147,4177,4257,4326,4356,4486,4416,4456,4506,3456,3594,3444,3997,4087,4027,3469,3509,3280,2412,2542,2492,1544,1541,1465,5892,6430,6081,5672,5782,5772,4257,4297,4127,1998,2058,2020,1005,995,932,16385,16515,16255,15020,15605,14564,9135,9720,8514,1366,1548,1455,429,437,432,19799,21944,21392,16905,16840,16450,12191,12029,11736,1136,1273,1187,469,462,461
6521,3112,3188,3450,4037,4077,3978,4187,4227,4237,4356,4356,4516,4436,4456,4506,3466,3575,3389,3978,4097,4067,3509,3489,3290,2452,2532,2512,1544,1528,1452,5872,6420,6111,5682,5742,5772,4227,4326,4147,1995,2017,2030,979,973,935,16418,16548,16255,15020,15605,14564,9103,9720,8544,1388,1538,1452,433,419,429,19799,21944,21424,16970,16808,16450,12191,12094,11736,1152,1248,1222,472,471,455
6621,3124,3185,3434,4027,4067,3968,4187,4207,4247,4346,4366,4496,4416,4426,4506,3479,3581,3431,3918,4097,4067,3509,3479,3250,2452,2552,2512,1567,1541,1439,5862,6430,6071,5662,5752,5812,4287,4317,4117,1995,2010,2030,970,989,932,16418,16613,16288,14987,15702,14499,9103,9688,8554,1382,1560,1449,445,428,427,19766,22009,21392,16938,16873,16450,12191,12061,11768,1123,1279,1219,474,467,465
6721,3109,3182,3431,4037,4117,3988,4197,4217,4217,4336,4346,4486,4396,4486,4496,3485,3591,3447,3968,4107,4017,3489,3479,3300,2442,2542,2482,1557,1513,1465,5882,6430,6091,5692,5782,5782,4247,4326,4167,1969,2030,2039,1005,1002,928,16450,16548,16288,15020,15702,14564,9103,9688,8534,1385,1548,1452,419,450,434,19799,21944,21457,16938,16840,16483,12159,12094,11768,1110,1260,1228,458,462,451
6821,3137,3172,3450,4067,4067,3968,4187,4247,4267,4326,4326,4456,4426,4456,4506,3501,3594,3428,3988,4067,4027,3489,3499,3270,2482,2542,2482,1544,1528,1477,5882,6430,6061,5672,5762,5782,4267,4326,4137,1998,2026,2033,973,1021,932,16450,16580,16385,15085,15670,14597,9135,9720,8524,1372,1567,1484,424,438,429,19831,21977,21424,16970,16840,16483,12191,12094,11768,1120,1254,1225,481,455,459
6921,3121,3217,3485,3997,4097,3997,4167,4227,4277,4376,4356,4466,4396,4446,4506,3492,3606,3412,3988,4117,4047,3509,3479,3290,2492,2542,2512,1580,1528,1468,5872,6460,6111,5662,5772,5792,4267,4346,4127,1988,2033,2036,983,999,957,16483,16645,16353,14987,15670,14564,9135,9688,8564,1385,1548,1468,439,435,426,19864,21977,21457,17003,16873,16483,12191,12061,11768,1139,1257,1222,480,462,471
7021,3128,3246,3460,4007,4067,3997,4207,4227,4247,4346,4326,4466,4426,4446,4476,3476,3565,3437,4027,4097,4017,3489,3479,3270,2442,2532,2502,1548,1516,1458,5882,6410,6111,5652,5792,5782,4257,4346,4157,2014,2020,2039,979,995,941,16515,16645,16385,14987,15735,14629,9135,9720,8554,1391,1560,1468,431,424,442,19864,22042,21457,16970,16905,16483,12224,12126,11736,1145,1244,1219,480,479,458
7121,3188,3223,3460,4037,4097,3988,4217,4177,4267,4366,4356,4496,4426,4456,4496,3492,3610,3444,3978,4077,4057,3499,3489,3290,2412,2542,2512,1528,1506,1481,5892,6420,6111,5682,5772,5802,4257,4317,4137,1985,2026,2023,1005,992,925,16515,16678,16418,15085,15735,14629,9135,9753,8564,1385,1548,1474,430,437,432,19831,22074,21457,17003,16905,16483,12256,12061,11736,1126,1251,1216,482,455,464
7221,3140,3188,3453,4037,4117,4017,4197,4237,4257,4366,4326,4506,4426,4406,4466,3456,3603,3421,4007,4097,4017,3489,3499,3310,2432,2552,2502,1570,1548,1481,5882,6450,6101,5682,5772,5822,4287,4356,4147,1991,2033,2039,995,1018,928,16548,16710,16385,15052,15702,14597,9168,9720,8584,1382,1576,1468,433,431,439,19864,22042,21522,17003,16873,16515,12191,12126,11768,1133,1251,1219,482,461,454
7321,3156,3211,3469,4017,4097,4007,4207,4237,4297,4346,4366,4496,4416,4456,4476,3501,3591,3440,3968,4087,4067,3479,3509,3280,2422,2552,2502,1560,1551,1458,5882,6440,6081,5722,5792,5782,4237,4346,4157,2001,2049,2042,983,1002,932,16548,16710,16418,15085,15735,14662,9168,9753,8544,1378,1560,1471,432,434,422,19864,22074,21489,17003,16938,16548,12191,12094,11768,1133,1257,1216,476,465,460
7421,3156,3211,3456,4047,4127,4017,4207,4217,4257,4346,4336,4486,4416,4446,4506,3495,3610,3437,3988,4107,4037,3519,3489,3310,2432,2522,2512,1548,1528,1461,5892,6480,6101,5692,5802,5782,4267,4366,4157,1991,2039,2042,1011,989,932,16580,16710,16418,15085,15735,14629,9168,9753,8564,1404,1538,1465,427,437,427,19831,22042,21489,17035,16938,16548,12191,12094,11801,1145,1260,1238,478,469,457
7521,3134,3230,3453,4007,4097,3997,4187,4247,4267,4336,4346,4476,4436,4446,4536,3492,3591,3431,3997,4097,4047,3479,3509,3300,2462,2542,2502,1554,1544,1484,5892,6470,6081,5702,5802,5842,4277,4326,4167,2007,2026,2052,973,992,919,16613,16743,16483,15085,15735,14662,9200,9720,8574,1394,1541,1484,431,421,427,19864,22074,21489,17003,16905,16548,12224,12126,11801,1110,1267,1212,465,460,468
7621,3163,3201,3476,4067,4107,3988,4207,4237,4237,4356,4346,4496,4386,4476,4526,3501,3594,3418,3978,4107,4027,3499,3499,3290,2492,2562,2502,1557,1557,1455,5892,6480,6071,5672,5782,5802,4287,4346,4177,2004,2058,2052,983,1002,979,16613,16775,16515,15117,15735,14629,9168,9720,8574,1404,1564,1474,440,425,429,19864,22074,21522,16970,16905,16548,12224,12094,11801,1123,1254,1209,471,465,460
7721,3156,3223,3488,4047,4077,3978,4217,4247,4277,4366,4366,4486,4396,4466,4516,3501,3587,3434,4017,4107,4047,3479,3509,3310,2432,2532,2522,1573,1544,1452,5882,6460,6121,5682,5782,5792,4307,4326,4187,2014,2030,2046,1031,989,938,16580,16775,16548,15117,15735,14662,9168,9753,8594,1398,1528,1481,443,424,434,19864,22107,21522,17035,16873,16515,12224,12126,11801,1149,1254,1235,485,461,452
7821,3166,3233,3498,4057,4107,4017,4177,4217,4277,4386,4346,4456,4366,4456,4516,3469,3597,3447,4007,4127,4067,3519,3529,3290,2472,2542,2502,1573,1535,1461,5882,6470,6101,5722,5752,5782,4277,4326,4157,2007,2049,2023,967,1002,938,16645,16808,16548,15117,15800,14662,9168,9753,8584,1401,1560,1484,432,440,436,19896,22074,21554,17035,16938,16548,12224,12126,11801,1126,1238,1212,488,460,452
7921,3172,3243,3498,4057,4127,4017,4177,4237,4287,4356,4326,4486,4416,4456,4516,3488,3600,3444,4007,4127,4047,3539,3499,3300,2462,2562,2502,1580,1548,1465,5882,6440,6101,5702,5772,5812,4287,4326,4177,2010,2055,2036,1018,1015,919,16645,16808,16548,15117,15767,14694,9168,9785,8574,1398,1557,1465,431,429,447,19864,22107,21554,17035,16938,16548,12224,12159,11768,1142,1264,1209,467,461,468
8021,3179,3227,3472,4037,4117,3997,4167,4217,4287,4366,4356,4496,4416,4446,4486,3495,3597,3463,3978,4127,4057,3489,3509,3339,2492,2542,2492,1560,1554,1471,5892,6470,6081,5692,5802,5782,4297,4346,4147,2017,2030,2042,979,1008,954,16645,16840,16580,15117,15800,14727,9168,9785,8584,1407,1525,1474,435,442,432,19896,22139,21554,17035,16970,16580,12191,12126,11801,1120,1248,1219,455,456,472
8121,3160,3239,3504,4067,4137,4017,4207,4237,4267,4376,4346,4496,4426,4456,4516,3511,3626,3440,4007,4127,4057,3489,3499,3310,2482,2542,2482,1560,1544,1493,5882,6450,6081,5722,5782,5832,4267,4366,4167,1998,2058,2036,1002,992,944,16678,16873,16613,15117,15767,14694,9200,9753,8604,1382,1567,1474,435,434,421,19929,22107,21587,17035,16938,16580,12224,12159,11801,1145,1257,1222,463,463,463
8221,3179,3246,3511,4047,4127,4037,4197,4237,4267,4366,4366,4496,4406,4506,4526,3488,3600,3453,3988,4097,4037,3529,3519,3310,2442,2542,2492,1570,1538,1465,5922,6460,6081,5692,5782,5812,4267,4366,4177,1998,2055,2062,995,989,948,16710,16873,16613,15150,15767,14694,9200,9785,8584,1414,1564,1458,447,457,453,19929,22139,21522,17068,16938,16613,12224,12126,11834,1152,1257,1209,461,457,449
8321,3192,3249,3508,4077,4117,4027,4217,4267,4287,4366,4326,4486,4406,4466,4506,3508,3584,3444,4007,4117,4087,3519,3549,3329,2452,2552,2522,1564,1551,1474,5902,6440,6091,5722,5782,5792,4287,4366,4177,1985,2036,2046,1008,1024,928,16678,16905,16678,15150,15800,14727,9233,9785,8594,1398,1580,1465,434,432,429,19896,22107,21554,17068,16970,16613,12224,12159,11801,1139,1260,1241,467,471,458
8421,3169,3255,3488,4047,4117,4017,4197,4237,4267,4366,4346,4466,4436,4446,4506,3514,3581,3434,4027,4127,4027,3529,3549,3310,2462,2542,2522,1564,1570,1465,5892,6470,6101,5692,5812,5772,4297,4356,4177,1985,2046,2055,995,1024,951,16710,16938,16645,15182,15800,14727,9233,9785,8604,1388,1538,1477,438,429,432,19929,22139,21619,17035,16938,16613,12224,12159,11834,1142,1279,1232,473,463,454
8521,3188,3243,3555,4067,4147,4017,4197,4217,4277,4376,4366,4496,4446,4486,4536,3511,3587,3476,3978,4117,4067,3519,3519,3310,2442,2562,2502,1554,1541,1487,5892,6480,6101,5722,5792,5812,4326,4346,4157,1998,2042,2023,986,1002,912,16743,16938,16678,15182,15800,14727,9168,9785,8614,1382,1564,1455,431,443,430,19929,22172,21619,17068,16970,16580,12224,12159,11834,1133,1251,1228,463,467,459
8621,3172,3255,3488,4067,4117,4027,4217,4237,4277,4346,4356,4466,4416,4486,4556,3498,3594,3469,4007,4137,4047,3529,3549,3310,2482,2532,2512,1560,1519,1477,5892,6480,6081,5732,5782,5792,4297,4346,4167,2001,2007,2049,992,1008,925,16775,16970,16678,15182,15832,14727,9168,9785,8614,1385,1560,1477,426,434,437,19929,22172,21587,17068,16970,16613,12289,12191,11801,1120,1251,1228,482,458,445
8721,3172,3255,3498,4107,4137,4047,4207,4237,4287,4366,4386,4496,4416,4466,4516,3495,3600,3440,3997,4137,4067,3549,3529,3300,2462,2522,2532,1580,1544,1484,5902,6470,6101,5722,5792,5802,4297,4376,4167,1998,2046,2049,1005,992,922,16775,16970,16743,15182,15832,14759,9200,9818,8614,1410,1560,1481,441,431,444,19929,22172,21619,17068,17003,16613,12224,12159,11834,1133,1248,1225,451,460,440
8821,3211,3262,3533,4067,4157,4037,4187,4247,4267,4356,4366,4496,4416,4486,4536,3476,3616,3472,4007,4117,4027,3519,3529,3369,2492,2552,2512,1541,1557,1493,5902,6470,6101,5732,5782,5792,4307,4376,4167,2007,2039,2065,986,989,916,16775,17003,16743,15182,15865,14759,9200,9785,8604,1407,1570,1449,426,454,436,19961,22172,21587,17100,17003,16613,12224,12159,11834,1145,1270,1219,485,464,447
8921,3214,3265,3533,4077,4117,4037,4217,4247,4297,4386,4366,4486,4406,4456,4526,3501,3603,3440,4047,4127,4067,3559,3539,3310,2452,2582,2492,1541,1516,1513,5922,6480,6131,5732,5792,5752,4317,4386,4157,2020,2058,2030,970,999,935,16775,17003,16775,15182,15865,14759,9200,9818,8614,1423,1586,1474,426,433,436,19961,22205,21619,17100,17035,16645,12224,12159,11834,1149,1270,1235,472,465,459
9021,3182,3287,3520,4047,4127,4057,4197,4207,4277,4376,4376,4506,4396,4466,4526,3520,3616,3456,4037,4147,4087,3529,3549,3320,2472,2552,2532,1557,1532,1484,5912,6490,6101,5662,5772,5812,4317,4356,4187,2001,2052,2039,999,999,938,16775,17003,16775,15215,15897,14727,9200,9850,8624,1398,1557,1490,428,427,435,19961,22205,21619,17100,17003,16580,12256,12159,11801,1155,1286,1232,480,462,467
9121,3198,3268,3533,4067,4107,4077,4197,4237,4297,4346,4356,4536,4456,4506,4526,3520,3616,3444,4037,4167,4057,3559,3539,3339,2482,2562,2542,1564,1541,1471,5922,6500,6111,5732,5792,5802,4307,4396,4197,1998,2071,2030,983,992,928,16840,17035,16840,15215,15865,14759,9233,9850,8634,1388,1564,1484,421,417,444,19994,22205,21619,17133,17035,16613,12289,12191,11834,1133,1264,1219,463,447,457
9221,3195,3255,3533,4077,4117,4047,4227,4277,4277,4366,4396,4486,4416,4476,4516,3498,3603,3453,4017,4147,4097,3559,3539,3339,2462,2552,2522,1557,1535,1474,5912,6490,6121,5722,5792,5782,4307,4376,4187,2014,2023,2055,967,992,932,16808,17035,16808,15247,15897,14759,9233,9818,8634,1404,1608,1481,425,429,431,19994,22205,21684,17133,17035,16645,12256,12159,11834,1142,1260,1219,465,456,479
9321,3214,3274,3536,4107,4117,4027,4187,4247,4257,4366,4376,4506,4446,4466,4516,3508,3622,3479,4027,4127,4047,3539,3559,3310,2482,2562,2532,1567,1560,1461,5902,6480,6131,5722,5772,5782,4317,4356,4177,2007,2042,2039,979,1018,925,16873,17068,16840,15215,15865,14792,9233,9818,8624,1407,1538,1493,432,443,427,19994,22205,21684,17133,17003,16613,12256,12159,11834,1139,1270,1228,459,471,456
9421,3198,3274,3543,4087,4147,4057,4197,4277,4267,4356,4366,4516,4406,4486,4536,3517,3603,3447,3997,4147,4067,3549,3569,3329,2462,2532,2542,1573,1548,1452,5892,6480,6111,5732,5802,5802,4307,4366,4177,2026,2046,2036,1008,999,938,16905,17100,16840,15215,15897,14759,9200,9818,8624,1423,1573,1477,426,445,431,19994,22205,21717,17100,17035,16645,12321,12191,11801,1155,1289,1248,465,468,463
9521,3204,3271,3559,4107,4127,4027,4217,4227,4307,4356,4376,4516,4426,4466,4526,3511,3626,3453,3997,4147,4087,3519,3539,3329,2452,2562,2522,1544,1541,1474,5892,6490,6111,5712,5812,5782,4297,4376,4177,2004,2023,2042,992,983,935,16873,17133,16873,15182,15865,14792,9233,9850,8634,1414,1580,1484,434,437,438,19961,22237,21684,17100,17068,16645,12289,12159,11801,1152,1270,1257,464,473,460
9621,3230,3278,3530,4097,4157,4067,4187,4227,4317,4366,4366,4526,4416,4476,4536,3520,3616,3476,4037,4107,4087,3539,3539,3310,2462,2542,2532,1557,1535,1490,5912,6480,6111,5712,5822,5792,4326,4406,4187,2020,2049,2042,976,1008,925,16905,17133,16873,15247,15897,14759,9265,9850,8614,1385,1576,1484,448,437,433,19994,22205,21684,17133,17035,16645,12256,12159,11834,1155,1260,1222,464,459,447
9721,3201,3297,3571,4087,4117,4037,4217,4257,4297,4366,4416,4516,4466,4496,4526,3498,3606,3450,4017,4137,4067,3549,3539,3349,2482,2562,2512,1564,1525,1474,5912,6490,6121,5712,5802,5822,4317,4376,4157,2026,2071,2055,995,1008,925,16970,17100,16905,15247,15897,14792,9233,9818,8634,1404,1580,1468,437,447,439,19994,22270,21684,17133,17035,16645,12289,12191,11866,1158,1279,1203,467,459,454
9821,3236,3306,3536,4097,4117,4047,4207,4267,4307,4366,4356,4506,4426,4476,4526,3523,3610,3460,4017,4157,4097,3549,3589,3320,2462,2562,2502,1580,1551,1477,5892,6500,6111,5722,5812,5822,4297,4376,4187,2030,2042,2052,1002,989,941,16905,17165,16938,15215,15897,14792,9233,9850,8673,1388,1580,1487,435,418,443,20026,22237,21717,17100,17068,16645,12289,12224,11866,1126,1273,1260,477,459,458
9921,3223,3294,3562,4087,4167,4057,4247,4277,4307,4366,4366,4506,4416,4456,4516,3514,3629,3460,4017,4137,4097,3529,3549,3359,2472,2572,2532,1589,1554,1468,5922,6540,6101,5712,5822,5822,4326,4376,4197,2036,2065,2058,983,1002,938,16970,17165,16905,15247,15897,14792,9265,9850,8673,1391,1583,1477,431,433,438,20026,22270,21717,17165,17035,16678,12321,12159,11866,1168,1276,1235,478,470,453
10021,3207,3290,3559,4087,4157,4047,4217,4267,4287,4366,4376,4506,4446,4476,4516,3549,3626,3447,4017,4147,4067,3559,3549,3359,2502,2552,2522,1548,1544,1474,5892,6520,6101,5702,5832,5802,4326,4426,4177,2023,2074,2074,976,1021,932,16938,17198,16938,15280,15930,14792,9233,9850,8643,1426,1567,1455,435,442,435,20026,22270,21717,17133,17068,16613,12289,12191,11866,1149,1260,1248,478,469,458
10121,3204,3316,3568,4077,4177,4047,4227,4237,4317,4376,4366,4526,4446,4516,4526,3498,3645,3453,4027,4137,4077,3539,3529,3329,2512,2582,2522,1586,1535,1490,5902,6480,6121,5742,5812,5792,4326,4396,4207,2014,2062,2068,1005,1024,938,16970,17230,17003,15280,15930,14792,9233,9850,8653,1436,1580,1519,436,432,432,20059,22270,21717,17133,17068,16645,12321,12191,11899,1117,1279,1228,467,461,465
10221,3211,3310,3571,4097,4157,4057,4227,4247,4267,4376,4376,4476,4426,4476,4516,3523,3635,3492,4027,4167,4067,3529,3579,3339,2472,2572,2532,1576,1551,1455,5932,6510,6111,5722,5832,5812,4317,4356,4207,2004,2030,2062,1002,1015,948,16970,17198,17003,15247,15962,14759,9233,9850,8624,1417,1592,1487,430,442,442,20059,22302,21717,17165,17035,16678,12321,12191,11866,1133,1260,1222,474,459,448
10321,3236,3284,3549,4067,4167,4047,4227,4267,4267,4386,4366,4496,4436,4496,4486,3523,3619,3463,4027,4147,4057,3559,3559,3339,2472,2602,2512,1557,1564,1506,5902,6490,6131,5732,5802,5802,4326,4396,4197,2020,2065,2077,973,1008,938,16938,17230,17003,15280,15930,14825,9265,9850,8653,1417,1564,1500,433,450,426,20091,22335,21749,17165,17035,16645,12321,12191,11866,1145,1276,1248,476,465,449
10421,3233,3313,3575,4107,4177,4067,4217,4257,4317,4366,4396,4516,4416,4466,4506,3514,3603,3463,4027,4127,4077,3569,3599,3349,2502,2552,2532,1592,1564,1493,5922,6480,6101,5742,5792,5792,4336,4396,4197,2033,2055,2068,979,1002,944,17003,17230,16970,15280,15930,14857,9265,9850,8663,1410,1567,1471,417,445,426,20059,22335,21717,17133,17003,16645,12289,12191,11866,1145,1264,1238,475,468,452
10521,3239,3322,3562,4067,4187,4057,4207,4247,4267,4386,4386,4516,4446,4476,4576,3508,3603,3450,4047,4137,4087,3579,3529,3339,2472,2592,2522,1557,1554,1452,5902,6530,6131,5712,5792,5832,4356,4376,4187,2007,2052,2068,976,1011,944,17035,17263,17035,15312,15962,14825,9265,9850,8693,1417,1596,1471,423,432,437,20059,22302,21749,17165,17068,16678,12289,12191,11899,1152,1299,1228,472,463,455
10621,3217,3303,3571,4087,4167,4077,4207,4237,4247,4386,4366,4526,4446,4466,4526,3527,3613,3444,4027,4097,4097,3529,3549,3329,2492,2602,2552,1592,1535,1477,5942,6500,6141,5742,5812,5802,4326,4406,4207,2023,2077,2071,1024,983,954,17003,17295,17035,15280,15930,14857,9265,9850,8663,1407,1580,1490,445,426,434,20059,22302,21749,17165,17035,16678,12321,12191,11866,1152,1283,1225,466,465,453
10721,3227,3297,3578,4127,4147,4057,4257,4267,4277,4356,4386,4506,4436,4476,4556,3511,3629,3460,4047,4167,4087,3569,3579,3359,2462,2572,2512,1586,1544,1484,5932,6550,6141,5762,5812,5802,4326,4406,4187,2026,2039,2068,999,1021,941,17035,17295,17068,15312,15930,14825,9298,9883,8673,1385,1583,1493,421,419,431,20091,22335,21717,17165,17068,16678,12354,12191,11834,1158,1276,1254,465,465,454
10821,3239,3319,3584,4097,4137,4067,4207,4257,4277,4406,4386,4536,4486,4526,4506,3508,3635,3479,4027,4137,4097,3539,3539,3329,2482,2562,2522,1560,1557,1497,5922,6530,6161,5742,5802,5802,4336,4406,4207,2017,2068,2068,1005,1008,944,17068,17295,17100,15312,15962,14825,9298,9883,8693,1410,1567,1481,425,427,424,20091,22400,21749,17165,17068,16678,12289,12191,11866,1152,1267,1238,479,464,453
10921,3211,3319,3571,4087,4157,4057,4217,4267,4277,4376,4386,4536,4456,4506,4546,3533,3626,3492,4047,4157,4067,3569,3569,3329,2502,2562,2542,1576,1554,1474,5942,6530,6131,5742,5802,5812,4336,4406,4207,2026,2068,2058,995,989,963,17068,17328,17100,15312,15962,14792,9265,9883,8703,1398,1570,1503,429,435,431,20124,22335,21782,17133,17035,16710,12321,12191,11899,1120,1279,1270,475,471,457
11021,3252,3313,3591,4097,4137,4057,4197,4237,4277,4376,4406,4486,4436,4486,4536,3511,3613,3479,4057,4157,4097,3609,3559,3359,2492,2572,2552,1548,1535,1481,5942,6520,6121,5742,5842,5832,4356,4406,4207,2033,2084,2055,999,1018,912,17100,17328,17068,15312,15930,14792,9298,9883,8693,1442,1576,1506,426,430,445,20091,22367,21782,17133,17068,16678,12289,12224,11834,1129,1286,1225,466,464,463
11121,3259,3319,3600,4137,4177,4067,4187,4257,4297,4376,4376,4526,4446,4516,4526,3523,3626,3450,4027,4167,4027,3549,3579,3359,2492,2552,2552,1554,1544,1497,5932,6510,6141,5722,5812,5832,4356,4416,4217,2014,2065,2055,995,1008,906,17100,17328,17165,15312,15930,14857,9298,9883,8683,1420,1573,1519,444,433,432,20091,22335,21782,17198,17035,16678,12289,12191,11899,1149,1260,1238,470,454,437
11221,3252,3326,3597,4077,4147,4077,4177,4267,4297,4356,4386,4536,4456,4526,4536,3543,3632,3472,4037,4137,4097,3589,3589,3349,2482,2562,2542,1557,1541,1477,5942,6510,6131,5732,5802,5812,4366,4416,4177,2036,2068,2055,979,1002,960,17133,17393,17165,15312,15995,14857,9298,9883,8683,1414,1564,1497,427,429,416,20091,22335,21782,17198,17068,16645,12321,12224,11866,1152,1273,1248,476,451,460
11321,3233,3332,3597,4107,4157,4077,4227,4267,4287,4366,4366,4526,4436,4496,4546,3527,3632,3453,4037,4147,4097,3569,3549,3369,2482,2552,2522,1560,1538,1471,5902,6550,6121,5732,5802,5812,4346,4396,4227,2020,2055,2039,1018,989,938,17133,17393,17230,15345,15930,14825,9298,9883,8663,1420,1615,1484,435,439,429,20124,22367,21782,17165,17068,16710,12256,12224,11866,1145,1286,1244,466,469,456
11421,3246,3322,3600,4087,4187,4057,4257,4247,4297,4376,4386,4526,4456,4526,4536,3520,3619,3453,4047,4147,4087,3589,3569,3349,2482,2552,2552,1538,1564,1490,5942,6540,6151,5732,5812,5782,4336,4426,4217,2026,2074,2077,1015,1024,925,17133,17360,17198,15345,15962,14825,9330,9883,8663,1410,1615,1484,426,446,431,20124,22400,21847,17165,17068,16645,12321,12224,11899,1152,1260,1225,468,473,459
11521,3233,3332,3584,4107,4167,4077,4257,4277,4317,4376,4356,4526,4436,4496,4546,3520,3632,3479,4037,4147,4097,3579,3589,3369,2492,2582,2512,1560,1525,1461,5932,6560,6141,5742,5802,5822,4326,4426,4227,2023,2087,2062,983,1011,925,17165,17360,17198,15345,15995,14825,9265,9915,8693,1414,1576,1497,433,435,433,20156,22432,21814,17198,17068,16710,12256,12224,11899,1155,1302,1254,465,471,443
11621,3252,3348,3594,4107,4187,4067,4217,4267,4297,4396,4406,4496,4456,4476,4556,3536,3629,3469,4047,4177,4107,3569,3569,3359,2482,2612,2562,1557,1554,1487,5912,6540,6161,5722,5792,5782,4336,4386,4217,2020,2071,2077,976,1008,919,17198,17393,17198,15312,15962,14792,9330,9915,8683,1417,1580,1493,413,445,430,20124,22367,21814,17198,17068,16710,12321,12256,11866,1149,1299,1241,461,452,461
11721,3239,3357,3597,4107,4177,4077,4227,4257,4317,4356,4416,4486,4426,4466,4546,3533,3613,3476,4047,4127,4087,3579,3579,3359,2472,2562,2512,1567,1560,1477,5902,6540,6151,5732,5822,5802,4366,4416,4207,1979,2065,2058,1008,986,925,17165,17393,17230,15345,15962,14857,9298,9883,8693,1426,1570,1493,442,439,441,20156,22400,21847,17230,17068,16678,12321,12256,11899,1142,1289,1254,467,471,446
11821,3243,3348,3606,4087,4167,4087,4257,4277,4317,4366,4396,4506,4416,4486,4526,3559,3658,3492,4077,4147,4087,3609,3579,3339,2502,2592,2522,1567,1557,1500,5912,6520,6141,5702,5822,5802,4326,4386,4227,2017,2090,2090,995,1027,948,17165,17425,17230,15345,15962,14825,9330,9883,8703,1423,1592,1503,427,425,450,20124,22367,21847,17198,17068,16710,12321,12224,11866,1149,1276,1222,466,466,454
11921,3252,3319,3616,4137,4167,4047,4237,4277,4297,4396,4386,4496,4446,4526,4546,3527,3626,3482,4067,4167,4107,3579,3579,3379,2532,2562,2512,1580,1573,1500,5922,6530,6151,5732,5792,5792,4366,4426,4207,2036,2058,2074,1018,1008,970,17165,17425,17198,15312,15995,14857,9330,9883,8673,1394,1596,1497,439,437,429,20124,22400,21847,17230,17100,16710,12321,12256,11866,1155,1251,1244,464,469,455
12021,3281,3345,3591,4107,4137,4077,4227,4287,4297,4396,4396,4526,4446,4486,4546,3575,3648,3472,4027,4167,4117,3569,3569,3359,2472,2592,2532,1564,1551,1474,5952,6550,6141,5752,5812,5832,4416,4436,4227,2033,2087,2071,1005,1002,944,17165,17458,17263,15345,16027,14857,9330,9883,8703,1433,1596,1487,426,436,422,20124,22432,21847,17198,17100,16710,12321,12256,11866,1152,1283,1264,472,459,461
12121,3268,3335,3635,4117,4177,4077,4227,4247,4297,4386,4386,4526,4446,4486,4526,3523,3658,3472,4027,4197,4107,3599,3579,3359,2502,2582,2542,1567,1576,1493,5952,6540,6151,5722,5812,5832,4366,4436,4217,2014,2071,2084,1005,1021,928,17230,17490,17263,15312,15962,14890,9330,9948,8733,1407,1570,1513,432,441,428,20156,22432,21847,17198,17100,16743,12289,12224,11866,1120,1289,1248,465,462,462
12221,3271,3338,3622,4127,4187,4107,4217,4267,4326,4406,4366,4516,4476,4506,4526,3533,3661,3472,4047,4177,4067,3599,3599,3389,2472,2562,2542,1567,1551,1497,5942,6540,6131,5732,5822,5822,4376,4426,4227,2033,2062,2081,1015,986,957,17230,17458,17295,15280,15962,14857,9330,9948,8713,1433,1576,1500,431,435,444,20124,22432,21879,17198,17068,16678,12321,12256,11899,1171,1295,1244,480,471,446
12321,3294,3351,3619,4107,4187,4137,4247,4267,4277,4376,4396,4516,4476,4506,4556,3539,3635,3495,4067,4157,4117,3609,3599,3379,2502,2572,2542,1576,1573,1481,5962,6520,6171,5742,5812,5802,4356,4426,4207,2055,2039,2068,995,1018,919,17263,17490,17295,15345,15995,14890,9330,9915,8713,1420,1602,1497,440,448,424,20156,22400,21879,17230,17068,16678,12321,12256,11866,1145,1279,1235,462,461,466
12421,3262,3348,3642,4117,4187,4087,4237,4267,4297,4386,4386,4516,4446,4486,4546,3523,3638,3485,4037,4167,4097,3589,3589,3369,2512,2572,2562,1570,1567,1474,5932,6520,6151,5732,5822,5772,4346,4406,4247,2052,2065,2074,1008,1043,938,17230,17523,17328,15345,15995,14825,9298,9948,8713,1426,1592,1509,406,450,437,20189,22465,21879,17230,17068,16678,12321,12224,11866,1142,1283,1228,480,471,454
12521,3259,3354,3610,4117,4197,4107,4247,4287,4277,4376,4386,4526,4456,4486,4536,3530,3664,3501,4067,4177,4097,3609,3589,3379,2492,2582,2572,1592,1544,1477,5932,6550,6141,5722,5822,5822,4366,4436,4227,2042,2084,2084,989,995,935,17295,17490,17328,15377,15962,14890,9330,9948,8713,1423,1586,1500,435,424,425,20156,22432,21879,17230,17133,16743,12321,12256,11866,1145,1283,1251,484,460,441
12621,3268,3361,3619,4147,4167,4087,4247,4277,4297,4386,4386,4516,4496,4516,4576,3546,3648,3504,4047,4177,4117,3609,3589,3389,2472,2582,2542,1570,1535,1490,5962,6550,6141,5732,5792,5832,4366,4416,4227,2030,2065,2055,1015,1011,944,17263,17523,17360,15345,15995,14825,9330,9915,8713,1426,1580,1484,444,436,436,20189,22465,21879,17230,17100,16710,12289,12256,11931,1149,1273,1257,464,457,448
12721,3271,3357,3632,4147,4177,4107,4237,4257,4307,4396,4366,4506,4486,4496,4516,3536,3645,3460,4067,4167,4107,3589,3579,3369,2492,2572,2512,1560,1544,1468,5932,6540,6131,5732,5792,5802,4376,4446,4247,2046,2055,2074,1018,1008,948,17263,17555,17360,15345,15995,14890,9330,9948,8733,1433,1605,1528,441,438,437,20189,22497,21879,17198,17100,16710,12321,12224,11899,1174,1273,1251,466,467,460
12821,3284,3338,3600,4097,4167,4087,4217,4267,4346,4366,4366,4526,4426,4496,4566,3530,3632,3469,4037,4167,4097,3589,3609,3399,2482,2582,2552,1573,1532,1500,5942,6550,6141,5752,5792,5792,4386,4436,4227,2033,2093,2084,1005,1008,935,17328,17588,17328,15377,15995,14857,9330,9915,8733,1442,1586,1509,425,436,423,20156,22530,21879,17198,17068,16710,12354,12224,11834,1171,1276,1254,474,468,463
12921,3265,3357,3622,4137,4187,4097,4227,4277,4307,4386,4416,4506,4466,4516,4566,3508,3648,3492,4037,4177,4067,3599,3639,3359,2502,2562,2512,1541,1557,1484,5922,6550,6161,5722,5812,5812,4386,4426,4237,2030,2081,2071,992,1011,925,17295,17555,17425,15345,15995,14922,9363,9915,8723,1423,1589,1500,433,443,442,20189,22497,21879,17198,17100,16710,12321,12256,11899,1158,1276,1251,454,467,463
13021,3274,3354,3603,4137,4147,4087,4217,4257,4287,4376,4386,4546,4476,4506,4546,3533,3651,3479,4057,4157,4077,3589,3599,3379,2492,2572,2542,1567,1564,1474,5922,6540,6131,5722,5822,5812,4386,4446,4247,2055,2062,2084,1024,1037,922,17295,17555,17393,15345,15962,14857,9330,9948,8703,1423,1599,1497,441,442,419,20189,22497,21912,17198,17100,16678,12321,12224,11899,1158,1273,1222,479,457,441
13121,3281,3357,3629,4127,4187,4087,4227,4257,4326,4386,4356,4526,4466,4506,4526,3530,3632,3463,4077,4177,4107,3589,3599,3359,2482,2562,2542,1583,1551,1468,5922,6580,6131,5722,5792,5802,4366,4426,4237,2052,2062,2074,1002,1015,944,17328,17588,17393,15345,15995,14890,9363,9915,8743,1426,1602,1513,439,447,434,20221,22497,21879,17198,17100,16710,12321,12256,11899,1161,1292,1244,483,472,448
13221,3255,3354,3651,4167,4177,4097,4227,4267,4336,4396,4406,4556,4456,4496,4546,3546,3622,3492,4087,4167,4107,3619,3619,3409,2512,2572,2542,1586,1560,1513,5932,6560,6141,5742,5802,5782,4356,4416,4267,2010,2071,2071,983,1031,948,17328,17555,17425,15345,15995,14890,9330,9915,8713,1426,1596,1509,429,435,448,20189,22497,21912,17198,17100,16710,12354,12289,11866,1152,1315,1248,472,457,452
13321,3274,3357,3629,4137,4197,4067,4227,4267,4336,4386,4426,4546,4436,4496,4566,3536,3648,3498,4067,4187,4087,3619,3619,3389,2472,2562,2552,1564,1551,1497,5952,6580,6161,5732,5822,5792,4366,4436,4257,2046,2077,2074,1011,1021,928,17360,17588,17393,15377,16027,14857,9330,9948,8733,1417,1586,1500,432,438,430,20189,22530,21912,17230,17100,16743,12321,12256,11899,1161,1279,1235,468,468,468
13421,3290,3361,3670,4137,4187,4107,4237,4257,4317,4376,4406,4536,4456,4526,4506,3549,3635,3485,4027,4187,4067,3609,3589,3409,2512,2582,2532,1580,1557,1474,5942,6560,6141,5732,5802,5772,4426,4426,4267,2052,2068,2093,1008,1027,957,17360,17588,17425,15377,16027,14857,9363,9980,8733,1414,1586,1506,431,429,428,20189,22530,21944,17198,17100,16710,12289,12224,11899,1181,1305,1225,483,472,459
13521,3262,3377,3626,4147,4197,4087,4227,4257,4297,4376,4396,4556,4466,4486,4566,3527,3645,3508,4077,4177,4117,3609,3579,3409,2512,2592,2572,1580,1538,1500,5942,6570,6161,5732,5812,5802,4366,4456,4247,2036,2087,2081,1015,1002,948,17360,17588,17425,15345,15995,14890,9363,9915,8713,1410,1624,1490,417,438,438,20254,22497,21944,17198,17133,16710,12321,12224,11899,1161,1289,1260,474,461,447
13621,3252,3367,3635,4157,4157,4127,4237,4277,4317,4386,4376,4526,4476,4526,4556,3533,3645,3460,4057,4187,4107,3629,3589,3389,2502,2552,2542,1592,1570,1481,5942,6550,6151,5722,5802,5792,4386,4446,4227,2020,2106,2062,1037,1005,967,17360,17620,17490,15345,16027,14890,9363,9948,8723,1458,1611,1500,441,439,436,20254,22497,21912,17165,17100,16710,12354,12224,11899,1142,1276,1228,478,475,462
13721,3255,3393,3658,4137,4187,4117,4227,4267,4326,4426,4376,4516,4456,4486,4576,3559,3654,3511,4067,4187,4087,3619,3609,3369,2522,2592,2562,1564,1583,1484,5942,6530,6161,5722,5792,5782,4386,4446,4227,2039,2097,2090,1005,1005,951,17393,17653,17458,15377,16027,14890,9363,9948,8733,1417,1608,1519,433,438,438,20221,22530,21944,17198,17100,16710,12321,12224,11899,1155,1302,1248,468,459,451
13821,3297,3373,3638,4157,4187,4127,4247,4277,4307,4386,4406,4546,4466,4516,4556,3546,3635,3466,4087,4167,4097,3639,3639,3379,2482,2592,2582,1576,1551,1497,5942,6550,6121,5722,5802,5772,4396,4446,4257,2049,2097,2081,1024,1002,963,17425,17685,17458,15345,16027,14890,9363,9980,8733,1430,1599,1532,414,439,422,20221,22530,21944,17230,17100,16710,12289,12224,11899,1177,1279,1244,482,458,453
13921,3284,3383,3667,4137,4187,4117,4207,4277,4287,4406,4386,4516,4456,4486,4556,3559,3626,3488,4027,4187,4127,3619,3599,3379,2522,2592,2542,1576,1544,1500,5952,6570,6171,5762,5802,5782,4396,4436,4247,2055,2074,2093,1011,1034,938,17425,17685,17490,15345,15995,14890,9363,9948,8773,1436,1627,1509,440,450,427,20221,22562,21944,17198,17100,16710,12321,12256,11899,1174,1302,1251,481,469,439
15321,3290,3396,3661,4147,4227,4107,4237,4297,4326,4376,4386,4506,4456,4526,4566,3594,3661,3498,4057,4207,4077,3668,3619,3409,2512,2612,2542,1583,1564,1500,5962,6560,6191,5712,5802,5772,4406,4436,4277,2049,2109,2122,999,1015,935,17523,17848,17620,15410,16027,14890,9395,9948,8753,1452,1608,1493,442,433,444,20286,22627,22042,17230,17133,16710,12354,12224,11866,1165,1295,1257,469,474,461
16321,3332,3399,3677,4147,4217,4137,4257,4297,4336,4406,4396,4546,4476,4516,4596,3562,3664,3511,4077,4197,4107,3688,3658,3429,2512,2622,2582,1586,1544,1493,5972,6560,6151,5712,5782,5782,4406,4486,4297,2062,2109,2077,1008,1031,951,17588,17913,17751,15410,16027,14857,9395,9980,8773,1442,1605,1509,435,442,429,20351,22692,22074,17198,17068,16678,12289,12256,11866,1158,1311,1244,466,454,457
17321,3345,3418,3725,4157,4207,4177,4247,4277,4317,4406,4386,4536,4486,4536,4576,3549,3667,3508,4117,4157,4097,3658,3658,3449,2542,2592,2572,1592,1567,1503,5952,6590,6151,5732,5732,5762,4426,4476,4277,2058,2100,2122,1018,1040,944,17685,17978,17848,15410,15995,14857,9428,9980,8783,1426,1624,1519,440,441,435,20416,22725,22107,17230,17068,16678,12321,12224,11899,1171,1305,1248,454,469,459
18321,3329,3437,3683,4167,4207,4177,4237,4257,4356,4406,4396,4546,4456,4546,4576,3591,3677,3508,4067,4177,4127,3708,3649,3429,2542,2622,2562,1570,1596,1490,5952,6570,6181,5722,5742,5772,4446,4476,4287,2077,2119,2106,983,1008,944,17751,18043,17946,15410,16027,14857,9428,10013,8793,1445,1608,1532,426,447,414,20449,22790,22205,17198,17068,16645,12289,12191,11866,1187,1311,1273,481,462,454
19321,3373,3431,3725,4177,4217,4147,4257,4287,4307,4396,4406,4536,4506,4546,4586,3552,3673,3514,4077,4177,4137,3678,3688,3479,2532,2622,2582,1592,1573,1509,5942,6600,6131,5742,5762,5752,4466,4496,4326,2093,2119,2119,1002,1021,938,17783,18141,18011,15377,16027,14825,9428,10013,8833,1461,1631,1538,432,418,438,20546,22822,22205,17165,17068,16678,12289,12191,11899,1161,1305,1286,474,462,455
20321,3357,3456,3731,4177,4197,4187,4247,4307,4326,4396,4396,4526,4536,4546,4586,3594,3658,3511,4117,4217,4117,3708,3698,3499,2522,2642,2612,1583,1570,1506,5972,6580,6191,5722,5762,5752,4436,4506,4336,2097,2116,2135,1021,1002,948,17848,18206,18043,15377,15995,14857,9395,10045,8803,1449,1656,1528,430,432,434,20579,22920,22270,17230,17035,16613,12321,12191,11834,1165,1308,1276,476,458,452
21321,3348,3466,3750,4237,4237,4197,4267,4317,4336,4386,4396,4536,4526,4556,4606,3610,3689,3530,4077,4177,4097,3718,3668,3479,2542,2652,2612,1592,1592,1506,5962,6600,6161,5712,5722,5762,4496,4526,4317,2068,2106,2135,1021,1027,948,17913,18238,18206,15410,16027,14857,9460,10045,8853,1455,1624,1554,438,440,426,20644,22920,22302,17198,17068,16678,12289,12224,11834,1174,1318,1264,457,460,472
22321,3367,3479,3753,4177,4277,4187,4257,4287,4346,4396,4386,4566,4506,4566,4616,3619,3705,3546,4107,4167,4117,3728,3708,3509,2552,2642,2572,1599,1580,1509,6021,6590,6181,5702,5732,5722,4466,4486,4336,2087,2135,2106,1021,1005,963,17978,18303,18173,15410,16060,14890,9395,10013,8813,1477,1637,1557,437,435,446,20774,23017,22367,17165,17035,16678,12289,12256,11801,1190,1315,1276,469,459,448
23321,3399,3469,3737,4177,4247,4237,4257,4277,4376,4396,4406,4536,4496,4556,4586,3622,3689,3539,4097,4207,4107,3738,3718,3509,2552,2622,2592,1608,1580,1522,6011,6630,6181,5692,5742,5682,4436,4496,4287,2103,2138,2141,1027,1037,954,18043,18368,18271,15410,16092,14890,9428,10013,8843,1481,1650,1551,430,446,426,20839,23115,22432,17263,17100,16645,12224,12191,11834,1171,1302,1279,461,465,443
24321,3380,3495,3772,4227,4247,4207,4287,4287,4366,4396,4386,4556,4546,4556,4606,3626,3737,3571,4117,4207,4137,3748,3728,3509,2542,2632,2602,1592,1592,1525,6061,6630,6211,5692,5732,5732,4456,4496,4307,2062,2160,2132,1011,1031,960,18141,18433,18303,15410,16060,14922,9428,10078,8853,1471,1656,1544,435,432,434,20904,23180,22497,17230,17068,16678,12256,12191,11801,1219,1327,1292,463,474,454
25321,3386,3501,3760,4247,4257,4207,4247,4297,4356,4416,4396,4546,4496,4566,4616,3619,3731,3575,4117,4207,4107,3748,3728,3539,2572,2661,2612,1634,1605,1506,6021,6630,6241,5702,5762,5752,4466,4546,4336,2109,2132,2154,1031,1053,938,18173,18531,18368,15475,16092,14922,9493,10013,8833,1474,1656,1564,444,426,439,21067,23277,22627,17230,17100,16710,12256,12224,11834,1197,1340,1289,469,461,445
26321,3389,3501,3779,4247,4287,4257,4287,4277,4336,4406,4406,4546,4496,4586,4626,3648,3750,3591,4107,4237,4137,3758,3748,3509,2572,2661,2622,1580,1564,1509,6081,6649,6271,5682,5772,5752,4516,4546,4356,2119,2141,2167,1040,1005,957,18271,18563,18401,15507,16157,14955,9460,10045,8843,1493,1656,1554,443,436,437,21197,23407,22692,17263,17133,16710,12224,12224,11834,1181,1308,1279,473,475,475
27321,3383,3501,3782,4267,4277,4227,4267,4317,4346,4386,4406,4556,4526,4576,4646,3651,3766,3565,4127,4257,4137,3748,3748,3529,2582,2661,2612,1637,1586,1506,6101,6669,6291,5692,5772,5722,4476,4546,4336,2113,2157,2160,1027,1027,954,18336,18693,18498,15507,16190,14987,9460,10078,8853,1474,1647,1576,426,443,421,21327,23505,22887,17295,17133,16710,12256,12224,11801,1203,1315,1299,468,467,460
28321,3421,3530,3785,4267,4287,4237,4287,4317,4346,4396,4416,4586,4566,4576,4665,3664,3763,3606,4117,4207,4167,3778,3758,3529,2592,2652,2622,1618,1621,1541,6151,6699,6330,5662,5742,5752,4486,4546,4317,2125,2167,2170,1021,1018,960,18433,18726,18531,15507,16157,14987,9493,10078,8883,1484,1685,1576,435,427,451,21554,23668,22952,17328,17165,16743,12289,12224,11834,1212,1324,1311,464,468,453
29321,3399,3514,3798,4237,4267,4257,4257,4317,4376,4386,4376,4556,4536,4616,4626,3680,3814,3622,4117,4247,4157,3808,3748,3539,2582,2671,2622,1621,1605,1522,6201,6719,6380,5712,5772,5772,4466,4506,4336,2097,2170,2176,1015,1018,976,18466,18823,18596,15540,16255,15052,9460,10078,8903,1506,1669,1567,442,437,433,21684,23830,23115,17360,17198,16775,12321,12224,11866,1206,1337,1295,492,475,461
30321,3431,3520,3817,4237,4267,4237,4267,4336,4356,4396,4436,4546,4546,4616,4655,3728,3846,3645,4127,4257,4177,3788,3778,3579,2592,2691,2632,1608,1586,1516,6221,6749,6400,5742,5802,5802,4496,4516,4317,2119,2154,2192,1015,1027,938,18628,18921,18628,15540,16255,15085,9493,10045,8913,1509,1675,1596,431,438,424,21847,24025,23245,17425,17230,16840,12354,12256,11866,1225,1350,1318,468,469,472
31321,3421,3517,3817,4257,4277,4247,4267,4336,4356,4436,4406,4576,4526,4576,4646,3718,3843,3651,4147,4247,4147,3798,3768,3569,2552,2691,2661,1631,1592,1538,6291,6779,6470,5752,5812,5832,4486,4506,4346,2132,2183,2183,1031,1027,957,18726,18953,18693,15637,16385,15150,9493,10078,8903,1500,1669,1570,432,449,429,22042,24188,23407,17490,17295,16905,12386,12289,11866,1184,1353,1305,457,446,453
32321,3415,3517,3817,4287,4307,4287,4287,4297,4396,4406,4426,4526,4556,4576,4646,3753,3878,3699,4137,4267,4187,3798,3768,3539,2582,2691,2632,1599,1589,1503,6330,6839,6510,5752,5832,5792,4516,4556,4356,2154,2218,2167,1008,1043,948,18856,19083,18791,15735,16418,15182,9525,10110,8933,1506,1691,1592,425,467,433,22237,24350,23602,17555,17328,16970,12386,12321,11931,1209,1372,1308,477,450,445
33321,3447,3555,3827,4247,4287,4267,4307,4346,4376,4416,4396,4536,4556,4626,4646,3782,3878,3705,4167,4287,4177,3798,3788,3559,2572,2681,2652,1589,1602,1503,6400,6859,6580,5762,5862,5872,4496,4536,4336,2119,2183,2176,1027,1018,960,18953,19246,18823,15735,16450,15215,9558,10110,8943,1506,1672,1599,433,434,439,22432,24545,23765,17620,17393,17035,12419,12321,11931,1184,1347,1308,473,474,458
34321,3460,3543,3804,4277,4277,4247,4297,4336,4366,4426,4466,4576,4556,4616,4626,3811,3932,3734,4207,4317,4187,3808,3778,3609,2572,2701,2661,1627,1611,1513,6430,6899,6600,5812,5892,5932,4526,4546,4336,2154,2176,2170,1018,1021,954,19083,19344,18888,15800,16515,15312,9558,10143,8953,1500,1688,1596,436,425,438,22595,24805,23960,17653,17458,17068,12451,12354,11931,1212,1369,1318,462,477,463
35321,3453,3543,3814,4287,4287,4287,4267,4336,4376,4396,4416,4556,4576,4616,4655,3820,3954,3750,4197,4356,4217,3818,3768,3579,2552,2691,2661,1618,1611,1522,6520,6969,6709,5812,5922,5942,4496,4546,4376,2154,2202,2196,1040,1040,976,19246,19441,18986,15930,16613,15377,9558,10175,8963,1522,1685,1599,426,446,416,22790,25000,24155,17718,17490,17165,12516,12386,11964,1203,1362,1299,457,468,454
36321,3440,3562,3839,4297,4297,4287,4307,4317,4356,4416,4406,4546,4556,4616,4665,3852,3993,3804,4187,4356,4247,3868,3778,3569,2602,2721,2661,1627,1583,1519,6580,6988,6769,5862,5952,5982,4496,4526,4356,2129,2192,2192,1021,1031,979,19409,19604,19018,15962,16710,15475,9558,10143,8943,1516,1688,1599,432,437,437,23017,25163,24350,17783,17523,17198,12484,12451,12029,1225,1366,1295,465,469,453
37321,3453,3559,3824,4307,4336,4287,4297,4356,4376,4416,4406,4566,4576,4626,4655,3884,4031,3792,4187,4346,4247,3838,3808,3609,2602,2731,2652,1615,1618,1538,6649,7048,6839,5862,5972,5991,4496,4556,4366,2138,2205,2212,1015,1050,957,19506,19701,19148,16060,16775,15540,9590,10208,8963,1525,1691,1624,443,440,434,23147,25391,24545,17848,17620,17263,12549,12451,12029,1241,1388,1324,474,466,463
38321,3466,3581,3849,4326,4326,4277,4307,4386,4406,4426,4456,4586,4566,4576,4665,3875,4028,3808,4237,4386,4227,3848,3808,3609,2632,2721,2661,1640,1621,1522,6709,7098,6889,5922,6001,6051,4506,4546,4366,2129,2231,2208,1031,1002,957,19636,19864,19246,16125,16905,15637,9590,10240,9032,1500,1698,1592,433,434,444,23407,25618,24740,17946,17685,17360,12581,12484,12094,1228,1350,1295,476,462,449
39321,3469,3587,3859,4317,4356,4317,4307,4396,4376,4406,4426,4566,4586,4596,4665,3910,4060,3859,4237,4406,4287,3838,3808,3619,2612,2741,2661,1631,1608,1554,6799,7218,6959,5942,6081,6121,4536,4556,4366,2148,2196,2231,1015,1015,976,19831,19994,19344,16222,16970,15670,9623,10240,9032,1516,1704,1618,446,444,449,23537,25813,24968,18011,17751,17425,12614,12516,12094,1228,1372,1308,479,461,474
40321,3453,3575,3852,4317,4336,4307,4307,4356,4376,4436,4416,4566,4566,4606,4646,3964,4092,3891,4257,4426,4307,3858,3838,3639,2632,2711,2681,1627,1586,1519,6819,7248,7028,5982,6091,6111,4516,4606,4376,2160,2212,2176,1031,1040,963,19961,20091,19441,16288,17068,15767,9623,10273,9072,1519,1720,1621,437,454,437,23733,26008,25196,18076,17881,17490,12711,12549,12159,1228,1366,1315,469,463,473
41321,3463,3571,3836,4307,4346,4326,4287,4346,4416,4416,4426,4566,4556,4616,4685,3980,4124,3884,4287,4446,4277,3848,3808,3639,2632,2721,2681,1634,1611,1538,6899,7298,7088,6011,6131,6171,4536,4576,4366,2132,2240,2237,1027,1031,957,20091,20254,19506,16418,17165,15832,9688,10273,9032,1513,1742,1608,443,433,444,23928,26268,25358,18206,17946,17588,12744,12581,12159,1212,1369,1327,463,464,445
42321,3463,3581,3846,4336,4346,4346,4326,4366,4396,4406,4436,4566,4576,4646,4665,3993,4130,3900,4287,4446,4326,3878,3838,3629,2632,2741,2701,1615,1599,1535,6929,7337,7148,6021,6191,6221,4526,4596,4386,2157,2208,2218,1046,1043,954,20254,20351,19604,16515,17263,15930,9688,10305,9072,1535,1723,1605,438,458,422,24123,26463,25553,18238,17978,17653,12776,12646,12224,1200,1366,1315,468,461,466
43321,3476,3568,3884,4336,4356,4336,4356,4366,4416,4436,4486,4566,4556,4636,4695,4044,4181,3932,4307,4476,4366,3868,3848,3658,2652,2701,2681,1624,1615,1528,7018,7417,7158,6051,6221,6241,4596,4586,4406,2148,2221,2218,1056,1040,963,20384,20546,19701,16613,17328,16027,9753,10338,9072,1519,1720,1624,428,427,425,24285,26626,25748,18336,18076,17751,12841,12679,12289,1219,1385,1321,467,472,458
44321,3460,3581,3846,4346,4366,4326,4317,4406,4406,4426,4426,4576,4576,4636,4685,4041,4194,3961,4317,4496,4356,3878,3838,3629,2622,2711,2661,1596,1621,1548,7078,7487,7228,6121,6261,6330,4546,4606,4386,2170,2224,2215,1046,1031,957,20546,20644,19831,16710,17458,16092,9720,10403,9132,1548,1710,1608,434,441,436,24448,26821,25911,18433,18173,17816,12906,12744,12321,1219,1391,1302,470,471,456
45321,3482,3584,3859,4326,4356,4336,4346,4366,4426,4456,4456,4586,4556,4665,4705,4088,4223,4005,4317,4526,4386,3868,3868,3678,2632,2721,2711,1631,1589,1551,7118,7537,7288,6171,6301,6330,4526,4596,4366,2173,2215,2247,1037,1021,979,20644,20774,19896,16775,17523,16190,9785,10403,9142,1525,1726,1637,426,444,434,24610,27016,26106,18531,18271,17913,12971,12776,12354,1203,1366,1327,485,472,474
46321,3469,3584,3884,4346,4366,4356,4326,4376,4416,4436,4436,4586,4586,4655,4695,4082,4258,4028,4346,4526,4436,3898,3838,3629,2602,2751,2661,1631,1596,1554,7158,7597,7367,6211,6340,6360,4556,4606,4386,2157,2224,2205,1008,1018,983,20807,20904,20026,16873,17653,16288,9818,10501,9192,1519,1723,1618,424,437,438,24805,27211,26268,18596,18368,17978,12971,12776,12451,1241,1340,1343,470,452,449
47321,3495,3587,3884,4366,4396,4336,4376,4366,4416,4466,4436,4606,4596,4616,4685,4114,4277,4041,4376,4556,4416,3908,3858,3658,2632,2721,2681,1618,1615,1557,7228,7627,7377,6231,6350,6420,4566,4616,4396,2167,2240,2215,1043,1031,986,20872,21034,20124,17003,17783,16385,9818,10501,9232,1525,1714,1634,439,441,441,24935,27341,26463,18693,18433,18076,13069,12874,12484,1248,1369,1337,478,463,441
48321,3495,3591,3884,4366,4406,4366,4356,4406,4436,4436,4436,4616,4596,4665,4695,4130,4280,4044,4366,4556,4446,3878,3858,3658,2632,2741,2691,1624,1596,1525,7238,7696,7407,6281,6410,6460,4596,4646,4416,2160,2247,2231,1037,1066,989,21067,21132,20254,17133,17881,16450,9883,10533,9212,1532,1736,1634,435,436,448,25065,27569,26594,18791,18498,18141,13101,12939,12516,1241,1391,1385,471,460,462
49321,3520,3619,3903,4366,4386,4396,4346,4396,4446,4466,4426,4616,4576,4655,4685,4159,4299,4088,4406,4596,4506,3898,3878,3688,2642,2741,2661,1621,1621,1548,7288,7756,7497,6311,6480,6500,4556,4616,4396,2189,2240,2243,1037,1031,941,21197,21262,20286,17198,17946,16548,9915,10533,9262,1560,1749,1615,442,451,434,25196,27731,26789,18856,18628,18238,13166,13004,12581,1244,1388,1331,470,462,463
50321,3527,3616,3878,4366,4406,4386,4366,4436,4426,4466,4466,4626,4596,4646,4685,4165,4337,4095,4386,4636,4496,3888,3868,3649,2652,2701,2681,1611,1615,1554,7347,7786,7537,6330,6480,6540,4576,4655,4446,2189,2215,2263,1027,1034,973,21294,21392,20416,17328,18076,16678,9948,10598,9282,1548,1733,1631,444,435,438,25358,27894,26919,18953,18661,18303,13231,13036,12581,1225,1385,1331,471,467,461
51321,3504,3619,3894,4396,4426,4406,4386,4426,4466,4456,4456,4626,4606,4646,4685,4213,4337,4120,4436,4646,4486,3908,3878,3698,2652,2771,2711,1618,1602,1541,7387,7796,7557,6380,6510,6560,4596,4626,4446,2160,2253,2253,1034,1027,976,21359,21522,20514,17425,18173,16743,9948,10631,9321,1551,1758,1640,443,432,431,25423,28024,27081,19018,18758,18433,13264,13101,12646,1235,1369,1334,464,459,460
52321,3504,3632,3903,4406,4426,4416,4386,4436,4446,4486,4476,4596,4586,4685,4695,4213,4382,4155,4446,4665,4536,3928,3888,3698,2661,2751,2721,1647,1611,1535,7427,7866,7617,6400,6600,6600,4596,4675,4426,2176,2250,2247,1031,1027,960,21489,21587,20611,17523,18271,16840,9980,10663,9361,1557,1749,1659,446,430,445,25586,28154,27179,19116,18823,18531,13329,13166,12679,1235,1385,1315,471,471,460
53321,3508,3622,3907,4416,4406,4416,4406,4446,4426,4466,4446,4576,4586,4695,4715,4203,4401,4159,4456,4675,4526,3908,3898,3678,2642,2751,2701,1640,1596,1525,7467,7896,7646,6470,6580,6679,4576,4665,4446,2196,2259,2231,1024,1053,957,21554,21717,20709,17588,18336,16970,10013,10696,9401,1544,1733,1647,427,460,433,25716,28284,27309,19246,18888,18596,13362,13166,12776,1235,1404,1343,482,467,470
54321,3536,3626,3913,4406,4416,4396,4396,4426,4486,4466,4496,4636,4576,4646,4735,4261,4404,4171,4496,4675,4546,3918,3888,3698,2652,2771,2681,1640,1621,1535,7487,7956,7676,6510,6679,6699,4596,4695,4466,2196,2253,2247,1043,1027,944,21684,21782,20807,17685,18466,17003,10078,10728,9441,1532,1736,1640,433,451,433,25813,28447,27406,19311,18953,18693,13394,13231,12809,1254,1388,1366,499,470,448
55321,3533,3632,3887,4436,4446,4446,4386,4446,4456,4516,4466,4596,4606,4685,4725,4248,4401,4181,4496,4735,4586,3958,3878,3708,2671,2771,2711,1637,1621,1541,7507,8015,7696,6540,6659,6739,4606,4725,4456,2157,2279,2259,1043,1050,973,21814,21879,20904,17783,18531,17133,10110,10761,9441,1567,1749,1640,424,451,436,25911,28544,27536,19409,19018,18726,13459,13264,12874,1232,1391,1347,469,472,467
56321,3533,3622,3916,4436,4456,4426,4426,4446,4466,4496,4486,4606,4616,4675,4685,4302,4401,4203,4526,4715,4566,3948,3908,3708,2661,2751,2691,1637,1615,1570,7577,8035,7736,6580,6729,6769,4695,4695,4466,2215,2253,2250,1027,1043,967,21847,21977,21002,17881,18661,17165,10143,10793,9491,1538,1768,1650,432,439,424,26008,28642,27634,19441,19148,18823,13557,13329,12939,1225,1366,1343,485,478,457
57321,3549,3642,3913,4476,4466,4456,4426,4476,4476,4496,4486,4606,4646,4675,4725,4312,4449,4219,4536,4735,4616,3928,3898,3718,2652,2751,2721,1621,1624,1528,7567,8085,7806,6620,6749,6789,4665,4695,4486,2205,2282,2259,1053,1046,970,21977,22074,21034,17946,18791,17295,10175,10858,9501,1551,1736,1653,424,437,433,26106,28772,27764,19539,19246,18921,13557,13362,12971,1244,1404,1353,472,473,456
58321,3571,3654,3907,4456,4456,4436,4456,4476,4466,4486,4516,4626,4586,4655,4705,4321,4481,4242,4536,4755,4626,3918,3938,3718,2632,2781,2711,1631,1640,1554,7627,8125,7796,6620,6779,6819,4646,4715,4506,2176,2272,2250,1037,1024,967,22074,22139,21099,18043,18856,17328,10208,10858,9521,1580,1755,1682,432,436,443,26171,28934,27861,19604,19311,18953,13654,13459,13004,1241,1404,1359,473,468,470
59321,3549,3658,3919,4476,4496,4436,4446,4506,4486,4476,4496,4616,4655,4675,4745,4321,4494,4248,4576,4755,4705,3958,3938,3748,2681,2791,2711,1643,1605,1541,7656,8115,7826,6679,6809,6889,4665,4765,4506,2189,2275,2263,1005,1050,967,22074,22237,21164,18141,18921,17393,10240,10923,9581,1541,1755,1650,442,436,428,26301,29032,27959,19701,19376,19051,13719,13492,13101,1232,1404,1359,480,465,453
60321,3546,3670,3919,4486,4496,4476,4436,4486,4496,4516,4506,4636,4616,4685,4755,4344,4500,4254,4566,4795,4655,3938,3918,3758,2671,2751,2721,1627,1631,1544,7676,8185,7856,6679,6839,6889,4685,4715,4516,2205,2266,2253,1034,1015,970,22172,22302,21294,18206,19018,17490,10273,10956,9650,1570,1758,1650,444,431,440,26366,29129,28089,19766,19474,19083,13719,13557,13134,1254,1385,1372,488,469,451
61321,3559,3661,3922,4486,4486,4446,4466,4506,4496,4506,4536,4626,4626,4695,4725,4382,4513,4290,4616,4795,4665,3968,3928,3728,2632,2781,2711,1637,1618,1554,7706,8195,7896,6729,6879,6899,4685,4745,4556,2180,2237,2269,1031,1027,970,22270,22335,21327,18303,19083,17588,10305,10988,9640,1570,1749,1627,436,455,424,26398,29194,28154,19831,19506,19214,13817,13589,13166,1254,1401,1369,466,460,457
62321,3584,3667,3929,4466,4506,4496,4456,4526,4536,4516,4506,4646,4616,4685,4735,4389,4503,4270,4596,4845,4705,3948,3928,3718,2691,2781,2741,1615,1627,1567,7706,8215,7896,6779,6879,6969,4685,4775,4526,2189,2279,2253,1034,1034,960,22302,22465,21392,18401,19181,17653,10371,11021,9700,1567,1746,1634,418,444,428,26496,29324,28284,19896,19604,19246,13849,13687,13231,1254,1398,1356,476,475,461
63321,3578,3670,3945,4516,4476,4436,4486,4526,4536,4516,4536,4685,4626,4665,4735,4389,4519,4280,4646,4835,4715,3968,3948,3728,2691,2781,2741,1627,1615,1564,7706,8235,7916,6789,6959,6988,4695,4775,4556,2186,2279,2275,1040,1056,951,22400,22465,21522,18466,19279,17718,10371,11086,9710,1570,1749,1656,436,459,429,26594,29389,28317,20026,19669,19376,13882,13719,13264,1260,1417,1343,473,464,469
64321,3565,3664,3942,4516,4516,4466,4476,4516,4516,4526,4546,4665,4636,4705,4715,4382,4548,4299,4636,4895,4705,3997,3948,3708,2661,2781,2741,1659,1634,1560,7746,8255,7976,6809,6998,7008,4715,4805,4586,2192,2259,2259,1034,1053,1002,22497,22530,21587,18563,19376,17848,10403,11086,9740,1564,1749,1659,428,448,435,26659,29454,28382,20059,19734,19409,13979,13752,13297,1248,1404,1359,479,473,462
65321,3581,3670,3945,4536,4516,4526,4516,4496,4536,4536,4516,4665,4636,4675,4745,4427,4564,4331,4665,4885,4785,3978,3958,3748,2661,2771,2751,1643,1592,1554,7796,8275,7985,6859,7008,7018,4735,4815,4556,2173,2250,2269,1050,1037,973,22497,22595,21652,18661,19409,17881,10468,11183,9770,1544,1787,1669,445,454,445,26691,29487,28447,20189,19799,19474,13979,13784,13362,1260,1449,1382,469,467,453
66321,3581,3673,3942,4506,4536,4506,4476,4556,4556,4546,4536,4655,4626,4705,4765,4417,4561,4360,4665,4885,4805,3978,3948,3738,2661,2791,2751,1678,1637,1557,7806,8314,8005,6879,7028,7078,4725,4835,4586,2224,2288,2279,1027,1050,973,22562,22692,21749,18726,19539,18011,10468,11183,9810,1564,1765,1669,436,440,439,26789,29585,28544,20221,19896,19539,14077,13849,13394,1248,1388,1385,481,460,471
67321,3635,3680,3938,4556,4546,4536,4516,4516,4556,4556,4536,4665,4665,4715,4755,4427,4561,4376,4695,4865,4765,3988,3968,3718,2661,2791,2731,1637,1643,1541,7846,8354,8025,6899,7038,7058,4745,4815,4586,2196,2253,2266,1056,1037,979,22595,22692,21749,18823,19571,18043,10533,11216,9820,1554,1784,1666,441,441,461,26789,29682,28577,20286,19961,19636,14109,13914,13459,1286,1410,1343,487,474,474
68321,3581,3654,3964,4546,4536,4526,4476,4566,4556,4526,4566,4715,4646,4695,4755,4465,4590,4357,4705,4935,4775,3997,3968,3758,2671,2771,2741,1678,1611,1544,7836,8324,8015,6929,7048,7098,4765,4815,4606,2212,2272,2259,1056,1050,973,22660,22790,21814,18888,19636,18108,10566,11248,9890,1554,1771,1669,443,432,436,26886,29747,28707,20384,20026,19734,14174,13947,13492,1251,1401,1350,478,481,454
69321,3587,3686,3961,4566,4576,4536,4526,4576,4596,4576,4566,4695,4626,4705,4765,4459,4602,4382,4705,4945,4825,4027,3948,3748,2671,2791,2731,1647,1596,1548,7826,8364,8045,6949,7118,7158,4765,4865,4586,2205,2301,2285,1040,1034,976,22692,22855,21879,18921,19734,18141,10598,11313,9890,1586,1758,1653,442,449,434,26919,29812,28707,20416,20091,19831,14207,14012,13589,1257,1417,1359,486,468,452
70321,3638,3699,3970,4596,4566,4536,4536,4556,4576,4586,4606,4715,4665,4725,4735,4468,4590,4376,4755,4935,4855,4027,3978,3728,2681,2791,2731,1640,1653,1560,7866,8384,8075,6979,7118,7198,4795,4845,4616,2199,2272,2288,1046,1043,948,22822,22887,21977,19018,19799,18206,10631,11346,9930,1576,1797,1682,451,459,434,26984,29910,28804,20481,20156,19864,14239,14044,13622,1267,1417,1388,479,476,450
71321,3635,3699,3990,4596,4586,4546,4536,4576,4586,4586,4596,4725,4675,4725,4755,4475,4625,4376,4765,4935,4835,4057,3978,3728,2661,2821,2731,1669,1659,1560,7876,8414,8075,6998,7138,7178,4835,4875,4646,2215,2291,2295,1031,1043,954,22757,22920,22009,19051,19864,18271,10631,11378,9970,1573,1781,1678,427,446,440,27049,29975,28869,20579,20189,19864,14304,14077,13654,1264,1420,1385,469,464,480
72321,3616,3673,3993,4586,4596,4566,4546,4586,4586,4566,4576,4755,4695,4715,4785,4503,4606,4417,4775,5004,4855,4027,4017,3758,2661,2781,2791,1627,1624,1551,7876,8414,8135,7018,7148,7198,4825,4895,4636,2199,2295,2256,1034,1069,970,22855,22985,22074,19148,19929,18401,10696,11378,9970,1576,1777,1653,429,441,444,27081,29975,28902,20644,20286,19961,14337,14142,13719,1276,1407,1369,480,474,452
73321,3635,3731,3993,4596,4596,4566,4566,4586,4576,4606,4586,4755,4685,4735,4785,4475,4625,4424,4785,4985,4865,4027,4017,3748,2681,2801,2761,1634,1618,1576,7896,8454,8115,7068,7188,7248,4815,4885,4655,2212,2314,2285,1037,1046,960,22887,23017,22107,19181,19994,18401,10728,11443,10039,1570,1768,1669,445,447,440,27179,30040,28967,20709,20351,20026,14369,14174,13752,1273,1423,1388,486,464,464
74321,3629,3728,3993,4626,4596,4586,4566,4606,4626,4576,4586,4755,4665,4745,4765,4507,4628,4369,4795,4994,4915,4037,3988,3758,2721,2811,2751,1666,1624,1548,7916,8504,8105,7038,7208,7248,4835,4925,4646,2224,2282,2301,1069,1053,963,22920,23115,22139,19279,19994,18466,10761,11411,10079,1557,1787,1694,440,450,444,27211,30137,29032,20774,20351,20091,14434,14207,13752,1260,1423,1356,481,480,456
75321,3658,3728,3990,4626,4606,4586,4616,4626,4626,4586,4616,4735,4675,4735,4775,4503,4628,4424,4795,5024,4895,4027,4007,3758,2711,2791,2751,1659,1627,1541,7946,8474,8115,7078,7248,7258,4815,4905,4695,2199,2285,2291,1046,1024,979,22952,23082,22237,19311,20091,18531,10761,11476,10099,1605,1787,1663,428,440,445,27211,30170,29064,20839,20449,20156,14499,14272,13849,1270,1433,1366,487,480,453
76321,3626,3725,3986,4636,4616,4566,4576,4646,4626,4576,4596,4765,4665,4745,4775,4523,4647,4459,4845,5014,4925,4047,4027,3748,2701,2831,2761,1637,1650,1567,7916,8464,8125,7128,7268,7298,4845,4935,4705,2228,2295,2279,1018,1046,960,23017,23180,22237,19376,20156,18563,10826,11573,10099,1573,1800,1669,442,444,438,27309,30235,29162,20904,20514,20189,14532,14304,13882,1267,1420,1391,487,468,467
77321,3658,3731,4002,4646,4626,4596,4596,4626,4636,4606,4606,4765,4675,4735,4775,4491,4628,4414,4855,5034,4925,4037,4007,3788,2691,2811,2741,1624,1631,1535,7916,8534,8145,7118,7268,7308,4855,4955,4685,2218,2311,2314,1037,1059,989,23017,23147,22270,19441,20221,18628,10858,11541,10149,1592,1806,1675,435,442,437,27309,30267,29194,20937,20579,20254,14564,14337,13914,1254,1423,1401,476,476,470
78321,3642,3741,4009,4655,4646,4646,4616,4655,4626,4636,4626,4755,4655,4745,4795,4507,4669,4436,4855,4994,4945,4037,4027,3798,2711,2781,2761,1647,1624,1557,7956,8514,8165,7178,7308,7347,4915,4935,4705,2250,2285,2295,1056,1043,999,23050,23212,22335,19506,20286,18693,10891,11606,10169,1580,1793,1694,427,440,438,27309,30300,29194,21002,20611,20286,14629,14369,13947,1267,1433,1382,477,476,464
79321,3677,3737,4012,4636,4665,4655,4616,4665,4665,4636,4626,4785,4695,4725,4795,4516,4641,4440,4885,5054,4955,4117,4027,3788,2681,2801,2741,1656,1627,1560,7976,8514,8175,7188,7347,7387,4905,4965,4725,2205,2311,2307,1037,1046,983,23082,23212,22367,19539,20351,18726,10923,11638,10199,1580,1793,1688,423,432,444,27406,30365,29227,21067,20709,20351,14662,14402,14012,1286,1391,1372,483,477,450
80321,3667,3753,4031,4655,4655,4675,4626,4646,4665,4606,4665,4785,4685,4775,4805,4542,4650,4449,4875,5064,4945,4047,4037,3808,2671,2801,2751,1656,1615,1554,7966,8564,8165,7208,7347,7387,4915,4994,4735,2231,2291,2304,1050,1040,970,23115,23277,22400,19604,20416,18823,10923,11671,10229,1599,1790,1669,442,444,439,27406,30397,29292,21067,20709,20384,14759,14532,14077,1273,1439,1369,487,478,466
81321,3673,3763,4031,4685,4675,4655,4636,4655,4675,4685,4665,4775,4705,4765,4785,4554,4698,4468,4895,5064,4965,4077,4037,3788,2701,2811,2751,1634,1605,1580,7995,8554,8195,7198,7347,7377,4895,4994,4765,2228,2298,2301,1031,1046,1008,23147,23277,22432,19669,20481,18791,10956,11671,10249,1599,1800,1675,448,432,428,27439,30430,29357,21164,20839,20449,14759,14499,14077,1273,1420,1372,480,474,470
82321,3658,3792,4034,4695,4665,4655,4616,4695,4675,4655,4675,4785,4735,4765,4815,4535,4695,4468,4905,5094,4985,4107,4047,3798,2721,2841,2761,1627,1656,1548,7976,8554,8185,7258,7347,7417,4925,5024,4755,2205,2301,2295,1018,1053,976,23180,23310,22465,19734,20514,18856,10988,11703,10279,1586,1793,1685,448,442,451,27504,30495,29357,21197,20807,20481,14759,14564,14109,1283,1442,1347,476,475,475
83321,3670,3766,4015,4715,4665,4646,4646,4685,4685,4655,4646,4845,4725,4785,4805,4539,4679,4452,4925,5094,5014,4057,4067,3778,2671,2821,2761,1650,1653,1573,8015,8584,8225,7268,7397,7397,4925,5014,4785,2224,2311,2304,1056,1050,989,23245,23375,22497,19734,20546,18921,10988,11736,10299,1573,1825,1698,433,441,436,27504,30495,29389,21262,20904,20579,14792,14597,14142,1267,1407,1353,465,480,476
84321,3696,3753,4060,4715,4675,4705,4646,4685,4705,4685,4695,4815,4725,4765,4795,4564,4705,4465,4935,5104,5024,4097,4077,3838,2721,2831,2761,1640,1631,1544,8005,8594,8195,7248,7387,7437,4945,5054,4765,2247,2298,2269,1050,1050,976,23212,23342,22530,19799,20579,18986,11053,11768,10308,1615,1809,1694,439,443,443,27569,30560,29422,21294,20937,20611,14825,14662,14207,1228,1461,1398,492,472,462
85321,3686,3782,4047,4715,4695,4715,4655,4705,4695,4705,4655,4805,4725,4795,4845,4593,4724,4497,4935,5094,5004,4087,4057,3808,2701,2811,2761,1656,1618,1551,8035,8604,8215,7288,7427,7437,4945,5084,4765,2240,2285,2291,1056,1027,963,23245,23375,22595,19831,20644,19018,11053,11801,10318,1605,1813,1691,452,456,450,27601,30592,29454,21392,21002,20676,14890,14694,14207,1267,1442,1359,480,468,468
86321,3731,3753,4031,4735,4735,4685,4646,4725,4695,4675,4695,4835,4695,4805,4835,4558,4708,4468,4955,5134,5024,4107,4077,3808,2711,2801,2741,1637,1647,1567,8015,8614,8235,7278,7457,7427,4955,5074,4795,2247,2314,2301,1040,1037,976,23277,23407,22627,19896,20709,19051,11118,11866,10398,1602,1793,1685,448,446,455,27569,30657,29454,21424,21067,20709,14922,14727,14272,1270,1414,1375,494,474,451
87321,3715,3795,4025,4775,4735,4725,4675,4725,4735,4705,4705,4825,4735,4785,4865,4577,4692,4478,4965,5114,5014,4117,4067,3818,2671,2821,2771,1627,1624,1567,8035,8624,8235,7317,7447,7467,4975,5054,4785,2228,2285,2298,1043,1062,992,23342,23472,22627,19929,20742,19083,11151,11899,10378,1589,1784,1694,440,428,454,27601,30657,29487,21457,21067,20742,14955,14759,14337,1308,1442,1385,495,470,463
88321,3705,3801,4037,4745,4725,4715,4675,4745,4725,4685,4715,4865,4755,4815,4845,4596,4743,4484,4965,5154,5044,4107,4077,3838,2681,2811,2781,1653,1656,1522,8045,8643,8255,7298,7477,7467,5014,5084,4845,2224,2326,2291,1040,1050,954,23342,23472,22660,19961,20807,19116,11118,11931,10428,1599,1809,1710,440,442,451,27666,30722,29552,21489,21164,20839,15020,14792,14337,1283,1423,1375,484,460,472
89321,3737,3788,4079,4745,4725,4755,4675,4775,4765,4725,4725,4855,4745,4805,4845,4615,4714,4484,4994,5144,5034,4127,4107,3838,2711,2841,2751,1634,1637,1544,8045,8643,8255,7327,7487,7477,4985,5104,4815,2243,2320,2298,1053,1059,963,23342,23440,22660,20026,20807,19181,11183,11931,10458,1615,1781,1704,438,453,448,27634,30690,29552,21554,21197,20807,15020,14825,14369,1302,1430,1375,470,478,467
90321,3721,3798,4053,4785,4745,4775,4705,4755,4765,4725,4735,4855,4755,4815,4855,4580,4692,4503,4985,5134,5064,4117,4117,3818,2691,2851,2801,1663,1647,1541,8055,8634,8245,7357,7527,7527,4985,5084,4845,2221,2314,2307,1043,1046,970,23407,23505,22692,20091,20872,19214,11248,11964,10488,1583,1800,1698,445,449,435,27699,30722,29585,21619,21197,20872,15085,14825,14434,1260,1458,1410,492,476,472
101621,3769,3859,4130,4865,4815,4815,4795,4875,4845,4795,4865,4955,4805,4855,4905,4641,4765,4532,5074,5204,5134,4177,4157,3848,2731,2811,2771,1653,1637,1576,8125,8693,8374,7507,7627,7656,5124,5244,4945,2237,2333,2295,1053,1040,989,23537,23733,22920,20481,21294,19604,11476,12256,10717,1631,1816,1720,448,432,450,27926,30982,29780,22074,21684,21294,15377,15182,14727,1292,1439,1391,487,474,444
111621,3836,3913,4155,4925,4905,4915,4855,4935,4925,4905,4925,5044,4865,4945,4985,4644,4765,4564,5134,5254,5184,4207,4217,3918,2721,2861,2761,1675,1659,1570,8165,8733,8384,7597,7716,7746,5234,5294,5024,2250,2320,2311,1046,1040,960,23700,23798,23115,20742,21587,19831,11638,12419,10897,1615,1825,1733,446,448,446,28056,31178,29975,22367,21977,21619,15605,15410,14987,1295,1452,1401,475,472,463
121621,3881,3945,4197,4975,4955,4935,4945,4994,4985,4975,4975,5144,4945,4994,5014,4685,4788,4564,5184,5274,5194,4257,4267,3948,2721,2861,2811,1675,1647,1560,8175,8773,8374,7656,7766,7816,5294,5443,5114,2266,2326,2339,1069,1069,979,23733,23895,23212,21002,21847,20091,11801,12614,11016,1605,1822,1717,441,440,441,28122,31243,30040,22595,22237,21847,15800,15605,15215,1321,1452,1398,493,473,487
131621,3891,3954,4238,5044,5004,5074,5004,5074,5084,5034,5064,5184,5004,5064,5094,4666,4819,4570,5184,5333,5274,4307,4297,3988,2711,2871,2811,1682,1627,1560,8185,8803,8394,7696,7816,7826,5373,5463,5174,2269,2349,2330,1050,1072,979,23798,23960,23245,21132,21977,20254,11931,12711,11116,1627,1822,1723,453,435,438,28154,31243,30105,22790,22400,22009,15995,15767,15377,1305,1471,1410,488,493,470
141621,3935,4002,4274,5054,5034,5074,5034,5114,5144,5124,5124,5264,5064,5144,5164,4663,4800,4602,5254,5333,5304,4336,4326,4017,2741,2831,2801,1656,1634,1589,8205,8833,8384,7736,7856,7826,5413,5503,5224,2266,2346,2346,1066,1059,979,23863,24025,23342,21262,22139,20351,11996,12809,11256,1634,1873,1714,439,449,448,28154,31340,30137,22952,22530,22139,16092,15930,15507,1324,1500,1410,489,472,459
151621,3964,4041,4299,5114,5114,5124,5104,5124,5154,5164,5164,5323,5104,5164,5204,4695,4842,4583,5274,5373,5304,4366,4376,4047,2741,2871,2841,1647,1656,1564,8215,8813,8404,7746,7886,7896,5453,5563,5264,2243,2358,2355,1046,1056,999,23863,24025,23342,21327,22237,20449,12061,12906,11345,1653,1838,1749,449,446,441,28187,31340,30105,23082,22725,22270,16190,16027,15605,1331,1465,1414,497,483,478
161621,3970,4057,4331,5114,5124,5164,5134,5194,5204,5194,5214,5363,5154,5224,5264,4682,4807,4599,5284,5373,5353,4426,4426,4097,2771,2901,2841,1672,1656,1583,8205,8823,8424,7766,7926,7906,5483,5603,5254,2279,2374,2371,1034,1059,983,23863,24058,23375,21392,22302,20514,12126,12939,11395,1621,1835,1723,446,455,443,28219,31308,30137,23147,22790,22400,16255,16092,15670,1331,1468,1442,485,483,463
171621,3990,4072,4337,5174,5124,5194,5124,5204,5244,5234,5274,5403,5214,5284,5314,4695,4819,4599,5284,5353,5353,4446,4446,4107,2761,2911,2821,1647,1647,1592,8225,8843,8424,7776,7896,7906,5503,5593,5294,2269,2358,2358,1050,1050,967,23863,24058,23407,21522,22335,20546,12191,13004,11435,1621,1851,1710,429,453,442,28122,31308,30105,23245,22887,22432,16353,16157,15735,1327,1471,1414,483,466,468
181621,4009,4076,4344,5164,5164,5234,5164,5264,5274,5274,5284,5463,5254,5333,5363,4682,4810,4593,5304,5333,5343,4456,4486,4137,2781,2891,2821,1659,1624,1583,8155,8823,8424,7786,7916,7926,5553,5613,5323,2298,2349,2355,1056,1046,979,23895,24058,23375,21489,22400,20579,12224,13004,11455,1647,1857,1749,452,444,443,28122,31275,30040,23342,22920,22465,16418,16222,15832,1331,1471,1426,488,486,493
191621,4005,4098,4363,5164,5154,5234,5164,5214,5304,5314,5343,5493,5284,5363,5393,4676,4775,4593,5314,5373,5353,4486,4456,4147,2751,2891,2801,1656,1643,1576,8225,8813,8394,7796,7906,7896,5533,5613,5333,2301,2374,2355,1069,1075,979,23863,24058,23407,21522,22367,20611,12256,13069,11495,1656,1851,1761,463,441,443,28024,31210,29975,23342,22920,22497,16418,16255,15832,1311,1490,1423,499,477,475
201621,4002,4095,4379,5184,5174,5254,5184,5204,5284,5304,5343,5503,5343,5363,5403,4682,4826,4577,5274,5383,5314,4476,4486,4167,2771,2891,2831,1678,1637,1557,8215,8803,8414,7786,7876,7896,5553,5603,5333,2295,2381,2362,1043,1050,967,23863,24025,23407,21587,22432,20644,12321,13069,11515,1650,1829,1749,433,456,437,28024,31145,29942,23342,22985,22530,16418,16255,15897,1334,1503,1439,490,484,476
211621,4025,4101,4395,5204,5174,5234,5184,5254,5284,5353,5363,5493,5383,5413,5433,4673,4768,4564,5264,5343,5333,4486,4486,4187,2781,2901,2821,1656,1643,1576,8175,8833,8384,7746,7926,7896,5583,5633,5343,2295,2358,2371,1056,1062,992,23830,24058,23407,21554,22432,20611,12289,13069,11485,1643,1838,1739,452,450,458,27959,31080,29877,23375,23017,22562,16450,16288,15897,1369,1477,1430,495,501,478
221621,4034,4088,4424,5194,5184,5274,5214,5234,5304,5333,5363,5523,5383,5423,5503,4653,4778,4561,5254,5343,5304,4506,4516,4187,2791,2891,2811,1643,1637,1564,8185,8853,8364,7736,7906,7876,5573,5623,5353,2288,2355,2349,1046,1088,963,23798,23993,23375,21554,22400,20644,12289,13069,11535,1663,1857,1733,440,460,443,27894,31015,29780,23375,23017,22530,16483,16320,15930,1311,1500,1426,488,479,480
231621,4031,4095,4398,5164,5144,5244,5194,5234,5323,5323,5373,5533,5383,5433,5483,4637,4762,4545,5254,5333,5304,4496,4516,4207,2761,2891,2831,1663,1640,1564,8185,8803,8354,7746,7886,7876,5563,5643,5304,2285,2390,2378,1056,1062,979,23765,23960,23342,21554,22367,20611,12289,13101,11495,1685,1873,1761,444,450,436,27796,30917,29780,23375,23050,22530,16483,16353,15930,1311,1506,1410,489,490,483
241621,4005,4127,4398,5144,5144,5244,5214,5274,5304,5323,5373,5533,5413,5453,5493,4647,4752,4529,5264,5294,5294,4526,4506,4217,2751,2881,2821,1669,1653,1586,8175,8773,8334,7726,7906,7856,5553,5643,5333,2295,2384,2368,1059,1053,983,23733,23928,23342,21522,22367,20611,12289,13101,11525,1640,1864,1752,447,456,436,27731,30755,29650,23342,23017,22497,16483,16320,15930,1311,1493,1410,486,486,470
251621,4028,4092,4404,5134,5144,5224,5174,5214,5274,5333,5383,5543,5383,5473,5543,4637,4733,4507,5244,5304,5314,4526,4476,4187,2781,2881,2811,1678,1643,1580,8145,8753,8324,7716,7866,7836,5553,5623,5304,2288,2381,2358,1056,1053,979,23733,23928,23342,21554,22335,20611,12289,13036,11495,1650,1889,1730,445,458,443,27634,30722,29552,23342,22952,22497,16450,16288,15897,1340,1493,1445,480,493,476
261621,4005,4098,4414,5124,5174,5264,5184,5234,5314,5323,5343,5543,5443,5483,5503,4602,4717,4513,5204,5294,5254,4536,4516,4167,2731,2941,2801,1685,1647,1573,8175,8783,8295,7716,7836,7816,5533,5623,5304,2285,2368,2374,1040,1059,986,23668,23798,23310,21489,22335,20546,12289,13069,11475,1663,1844,1755,441,449,451,27536,30625,29454,23310,22985,22432,16483,16320,15897,1318,1497,1445,477,484,459
271621,4018,4095,4430,5094,5134,5224,5144,5214,5294,5314,5363,5513,5433,5503,5543,4602,4711,4500,5214,5294,5274,4516,4496,4197,2751,2901,2831,1659,1621,1573,8105,8773,8285,7686,7836,7836,5513,5593,5294,2288,2394,2368,1031,1040,970,23668,23830,23245,21489,22270,20546,12289,13069,11485,1637,1864,1730,449,461,444,27406,30495,29422,23277,22920,22465,16450,16288,15930,1350,1487,1436,500,496,482
281621,3986,4057,4369,5084,5114,5194,5104,5164,5254,5304,5323,5503,5433,5463,5523,4586,4673,4475,5194,5264,5224,4486,4466,4217,2761,2881,2851,1663,1650,1586,8115,8723,8285,7686,7816,7816,5513,5553,5284,2285,2374,2371,1040,1031,963,23602,23765,23245,21424,22237,20481,12256,13004,11475,1669,1864,1742,449,442,448,27341,30397,29259,23245,22887,22400,16450,16255,15897,1347,1477,1430,495,481,486
291621,3970,4072,4401,5054,5084,5214,5094,5154,5264,5254,5323,5483,5413,5453,5543,4583,4669,4491,5174,5234,5224,4486,4486,4157,2761,2881,2871,1675,1611,1570,8085,8693,8285,7666,7796,7776,5493,5563,5234,2301,2352,2378,1046,1053,989,23570,23733,23180,21392,22205,20481,12224,13036,11425,1647,1848,1749,437,444,441,27244,30267,29162,23212,22887,22367,16450,16255,15865,1343,1461,1430,491,480,480
301621,3993,4072,4360,5014,5044,5164,5084,5134,5224,5254,5264,5453,5413,5443,5513,4551,4650,4459,5154,5224,5184,4476,4456,4157,2761,2891,2821,1663,1631,1589,8095,8693,8275,7656,7756,7766,5433,5543,5244,2275,2387,2358,1072,1053,979,23570,23668,23147,21327,22172,20384,12191,13004,11425,1669,1883,1761,448,452,446,27114,30202,29064,23147,22790,22335,16353,16255,15832,1324,1493,1430,503,493,463
311621,3932,4076,4360,5014,5054,5174,5054,5114,5204,5214,5264,5443,5393,5423,5513,4542,4653,4456,5164,5194,5154,4486,4426,4197,2791,2871,2841,1669,1611,1560,8065,8683,8225,7627,7726,7716,5463,5503,5244,2298,2406,2346,1056,1043,983,23472,23700,23115,21327,22107,20384,12191,12971,11415,1647,1848,1761,445,449,444,26984,30040,28934,23082,22757,22302,16385,16190,15800,1331,1490,1430,489,477,478
321621,3954,4050,4366,5004,5004,5144,5014,5094,5164,5224,5234,5433,5383,5403,5513,4529,4628,4440,5094,5194,5154,4456,4436,4147,2731,2881,2831,1650,1647,1576,8045,8624,8245,7617,7766,7726,5423,5513,5194,2256,2400,2378,1034,1059,973,23407,23602,23082,21294,22074,20319,12159,12906,11385,1650,1864,1765,452,452,436,26951,29910,28869,23050,22692,22237,16353,16222,15800,1321,1503,1426,499,473,485
331621,3951,4028,4360,4945,4994,5104,5014,5054,5154,5174,5214,5423,5363,5363,5473,4487,4618,4404,5104,5174,5114,4436,4406,4117,2761,2901,2821,1643,1627,1557,8045,8663,8195,7567,7726,7676,5393,5493,5174,2272,2371,2358,1053,1082,1002,23407,23602,23017,21197,22009,20286,12159,12874,11365,1643,1873,1765,443,448,442,26821,29812,28772,23050,22627,22172,16320,16190,15735,1321,1477,1423,480,480,452
341621,3926,4018,4350,4945,4955,5104,4965,5054,5124,5144,5194,5353,5373,5373,5423,4494,4599,4404,5104,5154,5124,4416,4406,4117,2741,2911,2781,1650,1640,1573,8005,8614,8195,7547,7686,7637,5393,5443,5184,2285,2394,2378,1059,1062,973,23342,23537,23050,21164,21944,20254,12094,12906,11315,1647,1854,1752,439,432,447,26659,29715,28642,22920,22627,22139,16255,16190,15702,1305,1471,1423,490,481,465
351621,3900,4028,4321,4915,4945,5074,4945,5034,5134,5114,5184,5343,5343,5363,5453,4468,4577,4363,5084,5124,5104,4416,4396,4097,2781,2901,2841,1650,1631,1564,7985,8584,8125,7557,7627,7656,5383,5423,5174,2272,2368,2352,1056,1053,999,23277,23505,22952,21164,21879,20189,12094,12841,11276,1656,1876,1752,450,457,452,26626,29585,28544,22887,22530,22074,16255,16092,15767,1308,1484,1445,491,473,482
361621,3903,4005,4309,4875,4915,5054,4925,5004,5044,5104,5144,5304,5314,5363,5413,4475,4545,4363,5044,5104,5104,4406,4356,4107,2771,2901,2811,1669,1621,1564,7966,8624,8135,7527,7656,7587,5353,5433,5104,2269,2381,2355,1037,1037,983,23212,23440,22887,21099,21847,20124,12029,12776,11296,1675,1870,1746,430,468,436,26496,29454,28447,22855,22497,22042,16255,16125,15670,1321,1490,1420,500,476,455
371621,3849,3967,4274,4895,4885,5024,4865,4955,5044,5094,5114,5314,5264,5314,5413,4436,4554,4328,5024,5104,5054,4376,4356,4037,2731,2901,2821,1653,1631,1570,7946,8534,8105,7477,7666,7627,5333,5383,5104,2279,2362,2384,1040,1024,967,23180,23375,22855,21034,21749,20091,11964,12776,11256,1678,1848,1749,453,459,449,26398,29389,28349,22757,22432,21944,16222,16060,15670,1347,1465,1423,482,478,478
381621,3849,3954,4290,4835,4885,5004,4875,4945,5024,5084,5094,5274,5264,5274,5383,4430,4535,4337,5034,5084,5044,4376,4356,4047,2751,2851,2831,1656,1659,1541,7926,8534,8115,7457,7607,7557,5284,5403,5064,2285,2374,2368,1062,1043,970,23082,23310,22790,21002,21749,20059,11964,12744,11226,1637,1851,1742,458,445,451,26301,29259,28252,22725,22335,21944,16190,15995,15637,1318,1471,1414,483,483,470
391621,3862,3942,4254,4825,4855,4985,4855,4915,5004,5014,5064,5234,5244,5274,5333,4424,4516,4328,4975,5054,5024,4366,4317,4057,2781,2871,2801,1618,1643,1564,7876,8494,8075,7417,7577,7547,5284,5314,5054,2275,2365,2374,1056,1053,989,23082,23342,22790,20969,21717,19961,11931,12744,11196,1634,1857,1749,442,434,432,26203,29129,28089,22627,22335,21879,16157,16027,15572,1334,1481,1423,488,484,467
401621,3824,3907,4242,4815,4835,4975,4815,4875,4955,5014,5034,5214,5224,5234,5304,4404,4500,4306,4975,5024,5004,4317,4267,3997,2741,2881,2801,1624,1631,1544,7916,8474,8065,7447,7557,7537,5254,5333,5014,2291,2358,2374,1078,1046,976,23017,23277,22757,20937,21652,19961,11964,12679,11176,1653,1860,1733,445,451,432,26073,28999,27991,22595,22237,21782,16125,15995,15572,1334,1484,1426,485,476,475
411621,3814,3935,4235,4785,4795,4925,4815,4885,4994,4985,4985,5204,5194,5204,5294,4404,4494,4302,4945,4985,4975,4317,4287,4007,2791,2851,2811,1621,1643,1564,7856,8454,8045,7397,7547,7487,5194,5294,5044,2288,2368,2371,1015,1037,989,22985,23212,22692,20872,21587,19896,11866,12711,11126,1631,1860,1742,443,455,449,26008,28902,27894,22497,22172,21749,16125,15962,15540,1305,1477,1414,489,484,468
421621,3795,3887,4219,4805,4795,4975,4825,4875,4935,4965,4985,5184,5184,5194,5264,4357,4465,4283,4955,4985,4965,4326,4267,4007,2731,2881,2821,1637,1621,1551,7846,8444,8025,7387,7537,7487,5234,5284,5014,2253,2349,2387,1053,1056,957,22952,23147,22627,20807,21522,19831,11834,12614,11116,1666,1848,1777,445,460,455,25878,28772,27764,22497,22172,21717,16092,15962,15507,1331,1477,1410,486,480,484
431621,3788,3903,4226,4745,4765,4925,4805,4855,4935,4935,4975,5164,5164,5154,5234,4385,4462,4283,4925,4994,4945,4297,4267,3997,2761,2911,2801,1634,1640,1564,7796,8444,7976,7377,7507,7467,5224,5264,4994,2266,2371,2346,1040,1043,967,22887,23115,22627,20742,21457,19799,11801,12614,11056,1659,1854,1761,433,452,435,25748,28642,27634,22465,22139,21619,16027,15930,15475,1315,1503,1458,480,481,465
441621,3756,3884,4168,4785,4785,4905,4755,4825,4955,4915,4975,5124,5124,5144,5214,4334,4440,4229,4905,4925,4925,4267,4227,3968,2781,2871,2801,1640,1650,1567,7806,8454,7985,7317,7477,7447,5154,5244,4965,2272,2371,2368,1053,1053,967,22855,23050,22562,20709,21424,19734,11768,12549,11046,1643,1870,1771,421,444,447,25651,28577,27569,22367,22042,21587,16027,15865,15442,1331,1471,1433,474,486,464
451621,3747,3881,4168,4755,4755,4895,4775,4835,4925,4925,4945,5104,5074,5104,5184,4321,4436,4219,4875,4945,4915,4267,4247,3938,2741,2881,2791,1656,1650,1554,7776,8384,7985,7298,7457,7427,5144,5214,4965,2301,2358,2342,1053,1075,986,22757,22985,22530,20644,21359,19701,11768,12516,11006,1656,1838,1726,438,437,445,25521,28414,27439,22335,22042,21554,15962,15832,15410,1311,1468,1433,476,468,479
461621,3763,3852,4165,4755,4755,4865,4785,4805,4885,4895,4935,5124,5094,5084,5144,4353,4408,4226,4865,4915,4925,4257,4187,3928,2761,2871,2801,1663,1624,1557,7796,8354,7946,7248,7437,7387,5174,5224,4925,2263,2358,2352,1040,1037,973,22757,22920,22497,20611,21327,19669,11703,12451,10986,1650,1867,1761,443,452,442,25456,28317,27341,22302,21912,21457,15962,15832,15410,1340,1477,1426,483,489,484
471621,3747,3827,4159,4745,4725,4855,4745,4815,4885,4875,4925,5094,5064,5104,5134,4309,4376,4197,4845,4885,4875,4247,4187,3938,2771,2901,2821,1640,1621,1551,7736,8334,7956,7248,7407,7367,5104,5194,4925,2282,2333,2355,1043,1059,986,22692,22887,22432,20514,21262,19636,11703,12451,10967,1647,1851,1736,443,436,430,25326,28187,27244,22237,21879,21424,15930,15800,15345,1334,1458,1407,484,483,473
481621,3728,3824,4140,4705,4745,4845,4735,4815,4855,4885,4905,5084,5014,5054,5144,4283,4385,4184,4815,4895,4845,4247,4197,3928,2741,2851,2791,1611,1640,1551,7746,8344,7926,7178,7357,7337,5094,5164,4905,2275,2368,2358,1040,1024,957,22660,22855,22400,20514,21164,19571,11638,12451,10937,1634,1829,1746,435,447,450,25228,28056,27146,22139,21847,21359,15897,15800,15345,1324,1487,1436,480,472,483
491621,3718,3830,4130,4735,4725,4845,4745,4805,4855,4895,4895,5134,5014,5034,5094,4254,4395,4162,4815,4845,4855,4237,4177,3918,2771,2871,2801,1647,1634,1541,7696,8285,7856,7218,7357,7308,5084,5144,4865,2295,2339,2352,1034,1059,970,22595,22790,22400,20514,21099,19539,11606,12386,10897,1643,1835,1739,433,437,429,25098,27959,26984,22107,21814,21327,15865,15735,15312,1343,1471,1417,483,482,462
501621,3696,3804,4117,4685,4735,4865,4735,4765,4885,4875,4865,5054,5014,5044,5074,4251,4360,4155,4795,4845,4835,4227,4187,3918,2721,2891,2811,1634,1624,1548,7686,8324,7846,7178,7327,7258,5074,5114,4855,2256,2358,2365,1046,1062,967,22530,22725,22302,20449,21099,19474,11638,12419,10877,1634,1851,1768,442,439,436,24935,27829,26886,22074,21717,21294,15865,15735,15247,1321,1497,1439,471,479,477
511621,3718,3824,4146,4705,4735,4825,4725,4785,4845,4855,4905,5064,4994,5004,5074,4245,4344,4146,4725,4805,4785,4197,4147,3888,2731,2891,2791,1608,1596,1551,7656,8255,7836,7158,7288,7268,5054,5124,4855,2285,2358,2342,1031,1053,960,22465,22725,22270,20416,21034,19409,11573,12321,10817,1637,1835,1746,450,450,433,24903,27731,26756,22009,21684,21262,15865,15702,15247,1321,1477,1410,470,483,463
521621,3699,3795,4114,4695,4695,4835,4725,4755,4885,4865,4855,5034,4955,5004,5064,4238,4321,4127,4765,4815,4785,4197,4137,3888,2761,2871,2831,1640,1643,1567,7627,8235,7806,7158,7278,7248,5024,5114,4845,2304,2355,2346,1046,1050,970,22465,22627,22205,20319,20969,19344,11541,12289,10817,1659,1835,1765,440,446,447,24740,27569,26659,21944,21619,21197,15832,15637,15215,1315,1461,1430,490,481,483
531621,3696,3798,4088,4695,4685,4785,4695,4745,4835,4845,4895,5034,4945,4955,5044,4229,4334,4114,4735,4775,4755,4197,4147,3898,2751,2851,2801,1650,1611,1560,7637,8215,7836,7138,7268,7218,5024,5094,4815,2266,2358,2346,1043,1059,941,22367,22595,22172,20319,20969,19311,11541,12256,10777,1675,1838,1746,447,454,438,24643,27439,26528,21912,21554,21164,15800,15637,15182,1324,1474,1426,484,469,476
541621,3718,3811,4098,4685,4685,4805,4735,4745,4815,4825,4895,5034,4975,4965,5024,4207,4283,4114,4705,4805,4805,4157,4137,3878,2751,2861,2841,1627,1634,1541,7607,8205,7776,7118,7238,7168,4994,5064,4815,2291,2342,2352,1021,1059,986,22367,22562,22107,20254,20872,19279,11476,12256,10737,1627,1844,1733,442,446,444,24545,27276,26431,21879,21522,21067,15735,15605,15182,1295,1465,1433,472,473,462
551621,3693,3792,4092,4675,4715,4805,4675,4765,4835,4835,4875,5024,4915,4955,5034,4200,4261,4095,4725,4765,4745,4177,4127,3868,2711,2871,2781,1631,1624,1541,7627,8195,7786,7068,7238,7178,4985,5024,4805,2275,2358,2342,1040,1053,973,22302,22497,22107,20221,20839,19246,11443,12191,10727,1627,1851,1749,434,430,463,24448,27211,26333,21814,21522,21067,15735,15605,15150,1324,1497,1407,476,470,467
561621,3670,3788,4060,4665,4665,4785,4675,4725,4785,4855,4855,5024,4895,4945,5024,4181,4251,4095,4695,4775,4715,4157,4127,3888,2721,2871,2801,1653,1631,1538,7547,8175,7736,7098,7198,7168,4985,5024,4765,2256,2362,2349,1021,1040,960,22205,22465,22074,20189,20807,19181,11476,12159,10727,1634,1848,1704,448,445,443,24350,27081,26236,21782,21424,20969,15670,15540,15117,1337,1484,1426,486,488,468
571621,3680,3776,4072,4665,4685,4765,4675,4735,4815,4815,4865,5034,4925,4945,5014,4159,4258,4076,4705,4745,4685,4127,4087,3868,2741,2861,2831,1634,1621,1538,7557,8155,7716,7048,7208,7158,4965,5004,4735,2272,2326,2358,1046,1053,967,22205,22432,21977,20091,20742,19148,11411,12159,10687,1621,1864,1742,422,447,445,24220,26984,26138,21717,21392,20937,15670,15540,15085,1321,1465,1426,497,473,466
581621,3651,3763,4072,4636,4675,4775,4646,4705,4815,4825,4845,5014,4875,4955,4994,4146,4232,4069,4705,4735,4695,4107,4107,3868,2711,2851,2771,1631,1624,1519,7497,8105,7706,7038,7178,7098,4915,5004,4765,2272,2352,2346,1027,1040,992,22139,22367,21912,20091,20709,19116,11346,12159,10667,1627,1838,1723,441,448,445,24123,26821,26008,21684,21294,20872,15637,15540,15052,1318,1487,1388,489,466,472
591621,3661,3763,4098,4626,4646,4785,4655,4705,4825,4805,4865,5024,4905,4945,4985,4140,4248,4060,4646,4685,4685,4107,4067,3868,2751,2871,2801,1643,1643,1528,7507,8065,7666,7018,7158,7088,4965,4985,4725,2279,2358,2311,1008,1059,967,22074,22335,21879,20026,20644,19083,11346,12126,10647,1643,1854,1717,439,442,435,24025,26756,25911,21619,21294,20839,15637,15507,15052,1279,1474,1420,479,482,472
601621,3661,3776,4079,4626,4626,4775,4685,4695,4785,4775,4845,5004,4905,4935,4985,4120,4207,4037,4626,4705,4685,4117,4067,3838,2721,2871,2811,1669,1634,1541,7517,8055,7686,7038,7118,7038,4945,4994,4725,2243,2368,2323,1008,1046,957,22042,22270,21847,19994,20611,19018,11313,12061,10588,1640,1848,1742,441,448,447,23895,26626,25846,21587,21229,20807,15605,15410,15020,1311,1449,1407,482,489,468
611621,3658,3769,4044,4596,4626,4765,4626,4695,4765,4795,4835,4985,4885,4925,5014,4136,4207,4047,4586,4675,4655,4127,4087,3858,2711,2861,2781,1650,1627,1576,7477,8075,7637,6979,7098,7048,4915,4945,4695,2275,2336,2358,1031,1043,963,21977,22237,21782,19994,20546,18986,11281,12061,10588,1634,1825,1739,443,450,447,23798,26528,25716,21522,21197,20774,15572,15442,14987,1302,1461,1417,463,468,470
621621,3651,3788,4072,4606,4636,4725,4655,4675,4775,4795,4835,5004,4865,4905,5004,4085,4210,4025,4606,4665,4636,4127,4047,3878,2721,2871,2791,1624,1627,1538,7487,8015,7627,6959,7078,7068,4885,4925,4705,2272,2374,2362,1024,1053,979,21944,22139,21749,19896,20514,18921,11248,11996,10568,1659,1864,1717,445,447,439,23765,26398,25586,21489,21164,20676,15572,15442,14955,1299,1461,1433,475,471,488
631621,3680,3763,4057,4606,4616,4725,4626,4695,4785,4795,4825,4994,4875,4915,4994,4111,4168,3980,4576,4646,4596,4107,4037,3868,2741,2851,2771,1615,1621,1538,7437,8045,7617,6919,7088,6988,4915,4965,4685,2266,2333,2326,1059,1021,967,21879,22139,21684,19864,20481,18921,11216,11964,10518,1618,1822,1736,449,443,441,23602,26301,25553,21392,21099,20709,15572,15377,14922,1324,1468,1426,485,471,458
641621,3670,3756,4076,4596,4596,4735,4606,4685,4765,4775,4815,4945,4905,4905,4975,4076,4168,3983,4566,4606,4616,4127,4057,3858,2721,2871,2761,1647,1627,1532,7427,7956,7587,6879,7048,6979,4855,4935,4665,2282,2355,2349,1031,1043,983,21814,22107,21619,19831,20384,18856,11183,11931,10488,1631,1825,1720,450,447,454,23570,26268,25423,21392,21034,20611,15475,15410,14922,1321,1468,1423,482,472,475
651621,3680,3779,4050,4586,4606,4685,4616,4685,4725,4785,4805,4965,4905,4915,4975,4034,4146,3942,4576,4616,4616,4087,4037,3858,2721,2841,2791,1634,1592,1548,7347,7976,7547,6869,7008,6969,4845,4915,4646,2263,2330,2342,1040,1056,970,21717,22042,21619,19766,20351,18791,11216,11931,10508,1631,1835,1749,439,447,440,23407,26138,25358,21327,20969,20579,15507,15345,14857,1311,1468,1398,472,476,476
661621,3664,3763,4044,4616,4606,4705,4596,4655,4745,4765,4805,4965,4855,4895,4985,4041,4124,3903,4546,4586,4576,4107,4057,3848,2731,2841,2771,1618,1608,1528,7357,7956,7557,6879,6979,6919,4845,4915,4636,2259,2346,2333,1024,1043,954,21717,21977,21587,19766,20319,18791,11183,11899,10478,1627,1835,1749,440,459,443,23342,26073,25293,21294,20969,20514,15475,15312,14825,1327,1436,1414,484,476,458
671621,3661,3750,4034,4586,4586,4695,4606,4675,4705,4735,4795,4945,4835,4885,4955,4015,4069,3926,4536,4566,4566,4087,4047,3828,2731,2851,2791,1602,1618,1544,7337,7926,7497,6859,6988,6919,4855,4885,4626,2256,2314,2349,1043,1034,963,21619,21912,21522,19701,20319,18726,11118,11866,10438,1631,1825,1739,437,434,456,23277,25976,25163,21229,20904,20481,15442,15280,14792,1299,1458,1426,478,477,456
681621,3654,3756,4050,4566,4576,4675,4586,4665,4705,4745,4765,4945,4855,4905,4965,3999,4088,3922,4526,4546,4596,4077,4037,3828,2711,2841,2771,1621,1608,1548,7317,7906,7477,6829,6969,6929,4845,4875,4646,2247,2362,2346,1034,1056,999,21587,21847,21489,19669,20221,18661,11086,11834,10428,1627,1851,1742,439,445,440,23245,25911,25131,21229,20872,20449,15410,15280,14825,1308,1484,1423,479,461,482
691621,3648,3731,4057,4546,4586,4685,4566,4616,4725,4725,4765,4945,4835,4915,4965,3990,4079,3903,4506,4576,4496,4097,4027,3858,2751,2861,2781,1627,1618,1557,7278,7856,7457,6789,6949,6859,4815,4865,4655,2250,2339,2342,1053,1031,957,21554,21814,21392,19636,20221,18628,11053,11768,10388,1608,1835,1717,438,446,455,23180,25813,25033,21132,20839,20449,15410,15247,14792,1299,1471,1404,468,461,467
701621,3645,3734,4034,4566,4586,4675,4556,4616,4715,4725,4765,4885,4855,4885,4965,3993,4079,3897,4496,4536,4516,4087,4047,3848,2701,2841,2761,1618,1596,1554,7278,7866,7447,6779,6909,6859,4795,4865,4606,2256,2371,2320,1015,1059,979,21554,21749,21392,19571,20156,18596,11021,11801,10378,1650,1854,1720,434,430,442,23050,25781,24968,21099,20807,20351,15377,15215,14792,1289,1477,1401,467,471,456
711621,3642,3737,4060,4586,4556,4685,4566,4646,4705,4715,4745,4945,4825,4905,4955,3951,4066,3865,4476,4506,4516,4067,4037,3838,2741,2841,2801,1615,1599,1528,7238,7826,7397,6749,6919,6859,4815,4865,4596,2237,2336,2349,1046,1027,999,21457,21717,21327,19571,20124,18596,11021,11768,10368,1640,1841,1733,436,449,432,22985,25651,24935,21067,20774,20286,15345,15150,14694,1340,1465,1407,454,482,458
721621,3635,3750,4021,4546,4546,4675,4576,4636,4675,4735,4755,4905,4845,4885,4915,3958,4021,3852,4476,4526,4446,4057,4027,3818,2711,2841,2751,1631,1618,1513,7208,7806,7387,6759,6869,6809,4805,4845,4616,2253,2339,2323,1040,1024,970,21392,21652,21262,19539,20091,18531,11021,11736,10299,1627,1848,1758,446,456,449,22920,25586,24805,21034,20709,20286,15312,15150,14727,1292,1452,1391,478,466,472
731621,3632,3741,4018,4556,4556,4695,4526,4606,4685,4735,4735,4905,4815,4855,4945,3964,4009,3855,4486,4486,4496,4067,3997,3818,2741,2811,2761,1611,1627,1548,7228,7756,7377,6739,6889,6779,4765,4805,4576,2243,2355,2339,1027,1040,954,21392,21652,21262,19409,19994,18466,10988,11703,10259,1643,1841,1742,431,430,435,22855,25521,24740,20969,20644,20221,15312,15150,14694,1302,1458,1398,461,487,455
741621,3622,3725,4028,4536,4546,4675,4546,4596,4675,4695,4755,4905,4825,4895,4925,3919,4012,3827,4426,4496,4516,4057,4017,3788,2691,2821,2821,1605,1608,1519,7208,7756,7357,6719,6869,6769,4765,4795,4576,2253,2333,2339,1046,1037,999,21294,21587,21197,19376,19961,18466,10956,11671,10289,1624,1832,1739,435,435,447,22790,25423,24740,20937,20579,20189,15280,15150,14662,1318,1474,1385,475,472,470
751621,3632,3709,4028,4516,4536,4665,4546,4596,4665,4665,4705,4895,4835,4855,4925,3910,3999,3811,4426,4456,4456,4067,4007,3828,2701,2821,2791,1624,1643,1535,7178,7716,7327,6679,6809,6769,4755,4815,4596,2240,2339,2336,1027,1018,967,21229,21522,21164,19376,19961,18401,10923,11638,10239,1621,1851,1707,426,439,432,22725,25391,24675,20904,20579,20124,15247,15117,14629,1311,1471,1430,487,490,472
761621,3622,3731,4018,4536,4536,4665,4536,4596,4685,4715,4745,4915,4825,4865,4885,3922,3983,3814,4416,4446,4436,4057,4007,3818,2691,2811,2781,1631,1627,1528,7118,7676,7308,6699,6819,6699,4755,4765,4576,2259,2320,2326,1021,1050,979,21164,21489,21099,19344,19896,18336,10891,11606,10239,1647,1832,1710,456,443,428,22660,25326,24578,20872,20514,20124,15247,15085,14597,1324,1465,1401,470,463,464
771621,3635,3712,4012,4536,4536,4646,4536,4586,4665,4715,4715,4875,4785,4855,4885,3891,3980,3795,4386,4446,4426,4057,4027,3818,2701,2841,2761,1618,1624,1528,7138,7676,7298,6689,6769,6699,4745,4775,4556,2247,2339,2323,1008,1021,973,21132,21392,21034,19279,19864,18303,10858,11606,10199,1640,1844,1707,442,446,437,22660,25261,24513,20807,20481,20059,15215,15085,14564,1302,1449,1394,474,473,455
781621,3600,3715,4018,4526,4516,4655,4556,4556,4626,4685,4695,4835,4785,4845,4915,3871,3974,3798,4406,4446,4446,4057,4017,3818,2721,2821,2731,1631,1605,1538,7078,7646,7228,6640,6759,6679,4745,4755,4546,2263,2352,2346,1021,1043,948,21099,21359,20969,19279,19831,18303,10826,11606,10169,1631,1825,1726,442,448,434,22562,25228,24480,20742,20449,19994,15182,15020,14564,1292,1436,1391,476,470,456
791621,3613,3718,3990,4516,4546,4636,4546,4566,4646,4665,4715,4875,4795,4875,4895,3897,3938,3779,4396,4436,4386,4087,4007,3838,2691,2811,2771,1615,1602,1513,7088,7597,7208,6610,6769,6669,4745,4715,4546,2243,2336,2333,1037,1024,979,21034,21327,20937,19214,19734,18271,10826,11573,10159,1621,1844,1733,452,456,430,22530,25163,24383,20742,20384,19994,15182,15020,14532,1308,1452,1414,475,480,452
801621,3610,3725,4018,4536,4536,4665,4506,4546,4646,4695,4685,4875,4805,4835,4905,3884,3922,3772,4366,4416,4426,4037,4017,3788,2711,2821,2741,1611,1589,1525,7028,7597,7198,6570,6749,6610,4755,4755,4536,2221,2330,2355,1021,1034,970,20969,21229,20904,19214,19701,18206,10793,11508,10139,1608,1822,1707,447,461,435,22432,25098,24350,20742,20384,19929,15182,15020,14564,1311,1439,1433,469,466,468
811621,3642,3728,3999,4506,4516,4646,4506,4566,4616,4685,4685,4855,4815,4835,4905,3843,3948,3718,4386,4416,4406,4027,3997,3808,2681,2821,2751,1640,1599,1560,6988,7537,7168,6620,6729,6640,4705,4735,4536,2218,2333,2326,1005,1034,986,20937,21197,20839,19181,19669,18173,10793,11508,10109,1615,1838,1733,432,438,430,22367,25033,24318,20644,20319,19896,15150,14955,14499,1315,1474,1426,476,471,462
821621,3603,3718,4002,4496,4546,4646,4516,4526,4616,4655,4675,4865,4805,4815,4915,3801,3932,3747,4376,4376,4366,4037,4017,3838,2701,2811,2761,1621,1608,1519,7008,7547,7158,6550,6689,6630,4705,4765,4496,2240,2333,2320,1053,1040,979,20839,21132,20807,19148,19604,18141,10761,11476,10099,1621,1841,1739,421,446,440,22335,25000,24285,20611,20319,19864,15085,14987,14467,1286,1471,1420,474,459,457
831621,3597,3709,3993,4476,4496,4655,4476,4526,4655,4655,4655,4825,4805,4835,4885,3843,3881,3747,4366,4356,4346,4037,3978,3788,2731,2801,2761,1647,1602,1538,6998,7517,7128,6540,6669,6580,4705,4725,4496,2240,2355,2317,1043,1027,979,20839,21099,20742,19051,19604,18076,10696,11476,10039,1618,1825,1742,430,445,441,22270,24935,24220,20546,20221,19864,15085,14955,14467,1321,1461,1404,483,462,467
841621,3613,3680,3983,4516,4506,4616,4506,4526,4655,4646,4665,4855,4785,4825,4875,3817,3891,3728,4336,4366,4366,4027,3968,3778,2701,2831,2721,1631,1596,1516,6939,7497,7098,6540,6659,6560,4695,4735,4506,2218,2323,2333,1053,1059,960,20774,21067,20709,19051,19571,18076,10663,11411,10039,1627,1841,1704,441,442,450,22270,24870,24188,20546,20189,19766,15052,14890,14402,1299,1465,1410,474,474,460
851621,3610,3689,3990,4516,4506,4596,4506,4526,4646,4646,4655,4795,4775,4825,4875,3801,3913,3747,4307,4346,4336,4027,3968,3798,2721,2801,2781,1596,1576,1567,6929,7477,7078,6510,6610,6560,4655,4715,4516,2240,2333,2298,1034,1034,983,20709,20969,20709,18986,19506,18043,10663,11411,10009,1611,1832,1720,435,446,440,22172,24838,24123,20514,20189,19734,15020,14890,14369,1299,1445,1420,478,452,473
861621,3581,3693,3980,4466,4486,4606,4486,4536,4596,4646,4665,4805,4765,4825,4885,3808,3871,3709,4326,4336,4346,4047,3997,3828,2671,2781,2771,1592,1576,1557,6879,7457,7078,6490,6620,6530,4665,4705,4456,2228,2320,2342,1027,1034,979,20676,20937,20644,18986,19441,17946,10631,11378,9999,1618,1803,1730,435,447,433,22139,24773,24090,20514,20156,19701,15020,14857,14369,1302,1455,1423,472,468,463
871621,3603,3667,3993,4476,4506,4616,4486,4496,4616,4636,4636,4825,4795,4755,4865,3795,3871,3712,4317,4307,4326,4047,3968,3768,2681,2821,2771,1647,1586,1525,6869,7417,7018,6510,6630,6530,4695,4685,4486,2221,2342,2314,1027,1037,983,20644,20904,20611,18888,19441,17946,10598,11346,9970,1621,1848,1726,439,446,437,22107,24708,24025,20416,20059,19669,15020,14857,14337,1311,1465,1378,480,476,456
881621,3568,3709,3993,4466,4496,4606,4456,4536,4626,4596,4636,4825,4765,4795,4865,3760,3859,3696,4326,4317,4336,4007,3968,3768,2711,2791,2761,1621,1576,1509,6879,7427,6998,6450,6580,6510,4626,4665,4456,2240,2336,2304,1040,1050,941,20579,20807,20546,18856,19376,17881,10598,11313,9960,1615,1848,1736,450,437,429,22074,24708,23960,20384,20091,19636,14955,14825,14304,1295,1452,1388,472,457,461
891621,3575,3680,3986,4476,4476,4596,4476,4516,4606,4636,4665,4785,4725,4835,4835,3776,3843,3677,4307,4307,4307,4027,3978,3788,2671,2811,2761,1583,1605,1532,6839,7407,6969,6450,6550,6470,4636,4685,4486,2253,2346,2317,1021,1056,976,20514,20774,20514,18856,19311,17881,10566,11313,9960,1621,1829,1710,441,437,436,21977,24610,23928,20384,19994,19604,14955,14792,14304,1311,1455,1401,469,474,461
901621,3568,3693,3970,4506,4476,4606,4456,4496,4606,4616,4616,4835,4765,4805,4825,3756,3824,3664,4297,4277,4307,4007,3958,3808,2691,2801,2761,1608,1599,1538,6819,7327,6939,6420,6530,6460,4646,4685,4486,2237,2333,2336,1018,1046,948,20449,20742,20416,18791,19279,17783,10533,11281,9910,1592,1819,1707,439,444,444,21944,24545,23928,20319,19961,19604,14922,14792,14272,1292,1458,1410,481,459,476
911621,3587,3667,3951,4466,4506,4586,4476,4516,4596,4626,4626,4755,4735,4775,4835,3769,3824,3670,4287,4317,4326,4017,3997,3758,2691,2801,2751,1596,1605,1519,6789,7347,6919,6390,6510,6450,4616,4665,4456,2240,2352,2314,1034,1053,976,20384,20709,20384,18758,19246,17751,10533,11248,9910,1624,1829,1698,438,444,443,21879,24513,23830,20286,19961,19539,14922,14759,14272,1308,1465,1417,455,473,463
921621,3575,3677,3993,4476,4506,4596,4476,4526,4586,4636,4616,4805,4745,4785,4815,3715,3779,3654,4287,4307,4287,4017,3948,3798,2691,2821,2731,1599,1605,1513,6749,7308,6919,6370,6480,6400,4636,4626,4456,2234,2333,2311,1018,1024,976,20351,20611,20351,18726,19214,17718,10468,11248,9850,1627,1813,1742,425,453,443,21847,24480,23765,20254,19896,19441,14857,14727,14272,1289,1449,1398,460,460,475
931621,3562,3664,3977,4446,4436,4576,4456,4496,4586,4626,4616,4795,4745,4775,4835,3750,3808,3638,4297,4257,4257,4007,3948,3798,2661,2801,2741,1602,1615,1528,6729,7298,6879,6350,6480,6360,4646,4636,4436,2243,2326,2291,1037,1043,989,20254,20546,20319,18693,19148,17718,10468,11183,9880,1624,1844,1742,435,454,454,21782,24415,23700,20189,19896,19474,14890,14727,14239,1283,1471,1394,484,473,452
941621,3571,3670,3961,4456,4476,4576,4466,4516,4596,4576,4626,4805,4725,4785,4855,3731,3788,3619,4267,4277,4237,4027,3958,3798,2691,2801,2781,1634,1596,1528,6699,7298,6859,6360,6490,6370,4586,4636,4436,2256,2317,2317,1034,1024,944,20254,20514,20254,18628,19116,17685,10436,11151,9840,1605,1803,1726,448,443,454,21749,24415,23668,20189,19831,19441,14890,14727,14207,1283,1436,1417,476,466,464
951621,3578,3658,3964,4476,4476,4566,4456,4486,4606,4586,4616,4785,4725,4755,4815,3709,3785,3632,4247,4227,4287,4007,3938,3778,2671,2811,2741,1621,1592,1535,6679,7238,6829,6311,6440,6350,4636,4636,4416,2247,2323,2336,1043,1043,941,20189,20449,20221,18596,19083,17620,10436,11151,9750,1611,1803,1707,436,444,445,21684,24318,23635,20124,19864,19376,14857,14694,14142,1273,1458,1388,488,465,465
961621,3520,3661,3938,4416,4466,4586,4466,4496,4586,4596,4606,4765,4715,4765,4815,3705,3788,3571,4247,4247,4257,4007,3928,3798,2661,2831,2751,1624,1599,1513,6669,7228,6809,6350,6410,6301,4596,4616,4406,2234,2320,2298,1040,1024,944,20189,20416,20221,18563,19051,17588,10371,11086,9770,1596,1829,1720,425,438,446,21619,24253,23570,20091,19766,19376,14825,14662,14142,1267,1452,1410,480,466,466
971621,3578,3648,3942,4436,4446,4576,4416,4486,4586,4576,4626,4775,4725,4785,4805,3686,3750,3616,4237,4237,4217,4017,3958,3738,2691,2801,2761,1621,1621,1528,6620,7218,6769,6291,6400,6291,4616,4606,4406,2240,2301,2320,1040,1024,948,20124,20384,20124,18563,18953,17523,10403,11053,9740,1627,1844,1714,421,441,438,21587,24220,23537,20059,19734,19344,14825,14662,14174,1302,1436,1401,482,458,458
981621,3565,3654,3938,4456,4456,4576,4426,4466,4556,4586,4586,4765,4725,4745,4815,3677,3763,3587,4207,4247,4217,4017,3978,3788,2681,2821,2751,1631,1576,1516,6620,7178,6779,6291,6430,6291,4556,4606,4436,2215,2339,2307,1027,1027,967,20026,20319,20059,18498,18953,17523,10371,11053,9730,1615,1832,1691,437,444,441,21554,24188,23505,20059,19701,19344,14759,14629,14109,1299,1452,1398,471,464,447
991621,3571,3654,3926,4446,4446,4576,4416,4486,4576,4566,4566,4765,4685,4745,4835,3645,3699,3571,4207,4187,4197,4007,3948,3758,2691,2811,2761,1599,1596,1519,6610,7158,6739,6261,6390,6291,4576,4566,4396,2253,2317,2326,1021,1034,951,20026,20254,20026,18466,18888,17458,10305,11053,9680,1624,1803,1736,440,443,430,21457,24090,23407,19994,19701,19279,14759,14597,14077,1305,1445,1378,462,459,464
1001621,3568,3629,3938,4456,4456,4566,4436,4516,4546,4556,4596,4735,4705,4725,4815,3648,3689,3568,4217,4207,4207,3968,3928,3748,2701,2811,2701,1592,1589,1525,6590,7128,6749,6211,6380,6261,4576,4596,4396,2205,2323,2330,1053,999,973,19994,20221,19961,18401,18856,17425,10305,10988,9710,1618,1829,1720,429,449,446,21457,24058,23375,19961,19636,19214,14759,14564,14077,1305,1455,1407,476,454,457
1011621,3523,3664,3932,4426,4436,4566,4426,4466,4596,4576,4596,4745,4715,4745,4795,3635,3683,3568,4187,4197,4197,4017,3958,3758,2691,2821,2741,1608,1611,1509,6570,7138,6699,6211,6340,6261,4546,4596,4376,2228,2317,2317,1059,1027,967,19929,20189,19929,18401,18823,17425,10273,10988,9650,1618,1825,1694,424,442,444,21392,23960,23375,19929,19604,19181,14727,14564,14077,1276,1461,1388,484,467,455
1021621,3536,3632,3916,4466,4426,4556,4446,4476,4576,4576,4616,4745,4675,4725,4795,3610,3677,3543,4217,4207,4177,4007,3928,3758,2671,2801,2741,1599,1583,1506,6520,7098,6679,6211,6340,6221,4536,4536,4366,2215,2336,2349,1018,1034,979,19864,20124,19896,18336,18758,17328,10240,10988,9631,1621,1854,1714,439,442,422,21294,23928,23310,19864,19604,19181,14694,14564,14044,1276,1442,1394,461,455,449
1031621,3533,3610,3907,4436,4426,4556,4426,4456,4566,4556,4566,4715,4695,4715,4795,3603,3677,3527,4167,4197,4187,3997,3928,3778,2661,2801,2701,1611,1618,1513,6520,7038,6659,6231,6311,6201,4546,4566,4376,2237,2295,2295,1034,1027,941,19831,20091,19864,18336,18758,17328,10208,10891,9621,1611,1822,1701,432,453,440,21262,23863,23277,19864,19539,19148,14694,14532,14012,1260,1452,1391,464,469,475
1041621,3527,3642,3903,4436,4446,4556,4406,4456,4586,4556,4556,4755,4715,4715,4795,3603,3645,3527,4197,4177,4207,4017,3928,3768,2691,2811,2711,1634,1580,1493,6480,7048,6620,6181,6271,6181,4556,4586,4386,2234,2330,2285,1021,1021,941,19766,19994,19799,18303,18693,17263,10208,10891,9631,1602,1806,1710,422,430,436,21229,23863,23212,19831,19506,19116,14662,14499,13979,1292,1449,1407,467,469,446
1051621,3546,3648,3897,4426,4456,4576,4416,4436,4556,4556,4556,4745,4695,4735,4805,3581,3635,3498,4177,4177,4207,3988,3948,3748,2671,2821,2741,1608,1573,1548,6470,7008,6620,6171,6291,6171,4526,4536,4346,2234,2339,2298,1043,1024,960,19734,19961,19734,18238,18661,17230,10175,10891,9581,1599,1825,1701,446,437,434,21164,23798,23180,19831,19506,19083,14662,14532,13979,1251,1465,1420,470,466,462
1061621,3552,3606,3913,4406,4436,4586,4406,4486,4536,4536,4556,4745,4685,4725,4775,3575,3622,3488,4197,4167,4167,3988,3918,3728,2681,2801,2721,1611,1586,1506,6460,6988,6630,6141,6291,6191,4546,4546,4356,2247,2295,2295,1027,1034,944,19669,19896,19766,18206,18628,17198,10175,10858,9601,1576,1813,1726,452,425,456,21132,23733,23115,19766,19441,19083,14662,14467,13914,1276,1449,1404,475,461,451
1071621,3533,3613,3891,4416,4446,4526,4406,4456,4536,4576,4566,4735,4665,4705,4755,3565,3638,3495,4157,4157,4137,3988,3928,3728,2711,2801,2751,1599,1570,1519,6430,7008,6600,6111,6241,6141,4506,4526,4356,2218,2311,2330,1037,1027,941,19636,19864,19636,18206,18596,17165,10175,10858,9531,1653,1822,1723,445,440,432,21099,23668,23050,19766,19441,19018,14629,14467,13947,1276,1436,1394,468,467,466
1081621,3536,3597,3929,4426,4426,4536,4436,4466,4546,4546,4566,4705,4685,4715,4755,3549,3597,3472,4177,4167,4177,3948,3918,3758,2681,2801,2721,1589,1596,1506,6390,6988,6530,6141,6201,6181,4526,4546,4336,2224,2298,2282,1034,1018,960,19571,19831,19604,18108,18531,17133,10110,10826,9511,1618,1825,1733,422,438,440,21002,23635,23017,19701,19409,19018,14564,14434,13947,1276,1468,1388,466,459,468
1091621,3530,3597,3891,4416,4436,4546,4416,4456,4556,4536,4566,4735,4655,4715,4755,3533,3565,3450,4167,4127,4117,3988,3918,3748,2671,2801,2761,1599,1580,1506,6410,6929,6540,6091,6221,6111,4496,4536,4346,2192,2295,2285,1018,1024,925,19539,19734,19571,18076,18498,17133,10078,10793,9511,1611,1797,1723,417,441,442,21002,23570,22985,19701,19344,18953,14597,14434,13914,1299,1449,1385,471,468,451
1101621,3514,3622,3897,4416,4406,4546,4426,4466,4536,4536,4546,4725,4636,4695,4755,3533,3552,3440,4167,4117,4127,3978,3928,3768,2642,2821,2731,1589,1576,1506,6370,6979,6530,6071,6211,6081,4506,4516,4336,2199,2314,2326,1053,1011,941,19474,19701,19539,18043,18433,17068,10078,10793,9461,1592,1819,1717,451,437,445,20969,23505,22887,19669,19344,18921,14564,14434,13882,1295,1430,1372,479,460,448
1111621,3485,3616,3887,4416,4416,4536,4396,4426,4536,4556,4556,4725,4665,4675,4745,3520,3523,3450,4127,4127,4127,3978,3898,3778,2652,2791,2731,1583,1596,1503,6340,6929,6490,6091,6201,6091,4486,4536,4336,2202,2314,2320,1015,1024,948,19441,19636,19506,18011,18401,17035,10078,10761,9451,1621,1825,1739,419,429,425,20872,23472,22855,19636,19344,18921,14564,14402,13882,1289,1445,1398,463,463,459
1121621,3517,3619,3871,4416,4426,4506,4416,4436,4506,4526,4556,4705,4655,4695,4735,3498,3539,3412,4127,4097,4107,3948,3898,3758,2661,2821,2721,1586,1605,1525,6311,6929,6470,6041,6171,6081,4506,4546,4336,2208,2311,2307,1027,1008,970,19376,19571,19441,17946,18401,17003,10013,10728,9431,1624,1838,1698,430,440,433,20839,23440,22822,19604,19279,18888,14532,14369,13849,1267,1452,1382,478,459,457
1131621,3492,3581,3881,4406,4426,4536,4396,4446,4556,4546,4546,4715,4665,4695,4735,3472,3504,3389,4127,4137,4137,3988,3918,3758,2661,2821,2721,1608,1583,1503,6291,6869,6460,6041,6181,6041,4476,4506,4307,2202,2314,2304,1011,1053,963,19279,19506,19344,17946,18336,16938,9980,10728,9431,1615,1819,1714,439,441,440,20774,23375,22757,19571,19246,18856,14532,14369,13849,1276,1439,1401,470,469,465
1141621,3495,3591,3881,4406,4396,4536,4386,4416,4506,4526,4506,4705,4655,4685,4745,3492,3511,3373,4107,4097,4107,3948,3948,3738,2661,2801,2771,1631,1580,1484,6271,6879,6440,6001,6151,6041,4496,4506,4346,2253,2314,2301,1037,1040,963,19246,19506,19376,17913,18303,16938,10013,10696,9421,1596,1829,1707,441,443,433,20709,23310,22725,19506,19214,18856,14467,14369,13849,1283,1458,1394,477,486,453
1151621,3514,3565,3846,4406,4416,4526,4376,4426,4536,4526,4536,4705,4655,4665,4725,3450,3488,3361,4117,4087,4097,3948,3948,3748,2691,2811,2751,1586,1580,1525,6241,6859,6450,6021,6121,6061,4486,4526,4287,2218,2307,2323,1031,1024,973,19214,19409,19311,17848,18271,16905,9980,10663,9431,1618,1813,1739,434,451,443,20676,23245,22660,19539,19214,18823,14499,14337,13784,1286,1468,1391,461,474,453
1161621,3472,3568,3881,4396,4416,4506,4406,4456,4496,4496,4526,4675,4636,4675,4735,3405,3479,3332,4117,4107,4117,3997,3908,3718,2671,2811,2731,1583,1602,1519,6241,6839,6430,6001,6131,6051,4496,4496,4317,2240,2320,2307,1034,999,967,19181,19344,19311,17816,18271,16873,9948,10631,9381,1599,1819,1682,432,441,428,20676,23212,22595,19474,19181,18758,14499,14337,13752,1276,1433,1398,473,453,459
1171621,3488,3568,3859,4426,4406,4476,4386,4426,4506,4526,4526,4685,4626,4655,4715,3409,3453,3348,4097,4097,4067,3948,3888,3728,2691,2781,2711,1602,1573,1490,6211,6779,6350,5991,6131,6021,4506,4486,4277,2202,2291,2317,1021,1008,957,19148,19311,19181,17816,18206,16840,9980,10631,9341,1608,1813,1723,445,428,443,20579,23147,22562,19506,19181,18758,14467,14337,13784,1279,1442,1401,470,460,458
1181621,3492,3555,3862,4386,4416,4496,4366,4446,4486,4496,4536,4675,4626,4655,4765,3421,3450,3319,4107,4067,4077,3968,3918,3738,2661,2801,2731,1589,1567,1500,6191,6799,6360,5991,6091,6031,4476,4496,4297,2221,2314,2291,1018,1021,951,19116,19279,19181,17783,18173,16808,9980,10598,9321,1611,1829,1730,435,458,454,20546,23115,22530,19441,19148,18726,14467,14304,13752,1257,1436,1382,480,466,478
1191621,3492,3568,3868,4386,4416,4496,4376,4416,4506,4536,4526,4675,4646,4675,4745,3409,3412,3319,4087,4097,4067,3958,3928,3738,2642,2781,2711,1596,1583,1500,6161,6779,6320,5991,6101,5991,4456,4496,4287,2205,2311,2288,1021,1024,989,19051,19214,19116,17751,18173,16775,9883,10598,9351,1624,1800,1723,426,437,432,20481,23050,22465,19409,19148,18693,14402,14272,13752,1251,1436,1391,459,461,469
1201621,3463,3555,3833,4396,4376,4546,4386,4446,4516,4546,4506,4685,4626,4685,4745,3402,3425,3319,4097,4057,4067,3958,3898,3738,2661,2801,2701,1583,1589,1513,6141,6749,6340,5972,6091,6001,4456,4466,4326,2221,2288,2282,1021,1034,954,18986,19148,19083,17685,18108,16710,9915,10566,9311,1615,1797,1714,440,432,446,20449,23017,22400,19376,19051,18693,14402,14272,13752,1260,1436,1404,469,460,443
1211621,3456,3562,3824,4346,4396,4536,4376,4426,4496,4516,4526,4705,4616,4655,4725,3348,3405,3300,4067,4077,4077,3938,3908,3718,2661,2771,2721,1605,1592,1516,6121,6729,6291,5962,6091,5982,4466,4466,4267,2224,2311,2304,1015,1024,951,18953,19083,19051,17653,18141,16710,9883,10566,9282,1608,1803,1698,436,457,427,20384,22952,22400,19344,19083,18661,14402,14239,13719,1286,1442,1388,477,458,459
1221621,3482,3552,3839,4366,4396,4496,4396,4396,4486,4506,4536,4675,4626,4655,4715,3377,3383,3278,4087,4037,4047,3958,3908,3758,2642,2811,2721,1605,1586,1509,6101,6689,6291,5952,6051,5942,4446,4446,4257,2234,2295,2320,1037,1040,979,18888,19018,18953,17685,18043,16743,9850,10533,9311,1615,1829,1691,427,433,434,20351,22920,22367,19376,19051,18661,14402,14239,13687,1283,1445,1382,467,459,464
1231621,3472,3559,3846,4396,4416,4526,4376,4416,4486,4476,4486,4685,4606,4626,4685,3322,3367,3274,4067,4097,4067,3948,3888,3698,2671,2761,2701,1589,1583,1516,6081,6689,6251,5942,6051,5972,4436,4466,4277,2212,2298,2304,1043,1031,960,18823,19018,18986,17653,18011,16678,9850,10533,9252,1608,1809,1707,420,447,425,20286,22855,22270,19311,19018,18628,14369,14207,13687,1292,1449,1388,483,461,461
1241621,3476,3559,3820,4376,4376,4546,4366,4406,4486,4476,4566,4655,4616,4636,4715,3303,3370,3236,4057,4047,4037,3968,3898,3738,2661,2751,2741,1608,1557,1481,6051,6640,6271,5932,6051,5932,4446,4466,4267,2189,2320,2298,1027,1008,970,18791,18921,18888,17555,17978,16645,9818,10533,9242,1615,1816,1714,429,443,435,20221,22790,22270,19279,18986,18596,14369,14207,13687,1295,1430,1378,463,458,457
1251621,3482,3539,3830,4386,4396,4496,4356,4396,4486,4506,4506,4685,4586,4685,4725,3287,3342,3233,4067,4037,4037,3948,3898,3718,2681,2771,2711,1589,1564,1503,6031,6620,6201,5932,6011,5952,4426,4446,4257,2221,2304,2326,1031,1024,941,18726,18856,18823,17555,17946,16613,9818,10501,9212,1605,1813,1707,431,429,440,20221,22757,22172,19279,18953,18596,14337,14174,13654,1318,1449,1388,469,465,460
1261621,3453,3575,3839,4396,4376,4496,4336,4416,4516,4486,4536,4655,4616,4626,4715,3303,3326,3211,4067,4057,4067,3958,3888,3748,2661,2791,2711,1586,1586,1503,6041,6659,6181,5882,5991,5922,4426,4436,4267,2192,2314,2304,1034,1018,963,18661,18823,18823,17523,17913,16580,9785,10533,9222,1567,1803,1694,426,446,454,20156,22725,22139,19214,18921,18563,14369,14174,13654,1267,1426,1350,454,453,457
1271621,3450,3549,3820,4396,4376,4506,4386,4396,4496,4476,4496,4665,4606,4636,4705,3287,3300,3217,4067,4017,4007,3948,3898,3748,2661,2781,2711,1589,1557,1513,6001,6580,6181,5872,6011,5952,4446,4476,4237,2192,2311,2282,1018,1040,951,18596,18791,18758,17490,17913,16548,9753,10436,9192,1608,1819,1707,418,433,437,20124,22660,22042,19214,18921,18563,14272,14142,13589,1289,1452,1385,466,459,452
1281621,3434,3552,3814,4386,4386,4506,4366,4386,4496,4486,4486,4636,4606,4616,4715,3265,3303,3195,4077,4037,4007,3948,3898,3738,2661,2801,2721,1615,1583,1497,5991,6580,6151,5882,5982,5922,4416,4426,4287,2212,2317,2314,1027,1015,989,18531,18726,18693,17458,17913,16548,9753,10436,9182,1611,1822,1704,437,429,425,20026,22627,22074,19181,18888,18531,14304,14142,13622,1305,1436,1391,471,460,456
1291621,3437,3552,3833,4376,4396,4486,4346,4396,4486,4476,4476,4665,4606,4655,4655,3249,3290,3179,4037,4017,4037,3938,3868,3708,2632,2811,2701,1592,1583,1497,5962,6560,6131,5882,5991,5922,4416,4436,4257,2215,2272,2291,995,1031,960,18531,18661,18628,17458,17881,16515,9753,10436,9182,1621,1806,1710,442,452,442,19994,22562,22009,19148,18856,18531,14304,14142,13589,1286,1433,1388,454,456,467
1301621,3434,3520,3804,4386,4386,4476,4336,4416,4506,4486,4476,4655,4606,4616,4685,3230,3274,3147,4067,4007,4027,3958,3888,3708,2642,2771,2711,1586,1576,1490,5952,6540,6131,5882,6001,5862,4416,4426,4197,2202,2285,2288,1011,1021,944,18498,18628,18628,17360,17848,16483,9720,10403,9172,1608,1829,1707,439,440,440,19961,22497,21944,19116,18856,18498,14304,14109,13524,1295,1439,1414,460,454,454
1311621,3428,3520,3788,4386,4386,4456,4346,4386,4476,4476,4496,4636,4596,4626,4705,3236,3243,3163,4027,3997,4017,3938,3898,3718,2632,2761,2681,1586,1576,1519,5892,6520,6091,5872,5962,5872,4446,4416,4247,2212,2288,2288,992,1046,935,18433,18563,18563,17425,17783,16450,9720,10403,9172,1580,1825,1707,435,433,425,19961,22497,21912,19116,18823,18433,14272,14077,13557,1264,1449,1359,461,452,447
1321621,3421,3511,3798,4366,4376,4476,4336,4386,4436,4476,4476,4626,4586,4626,4675,3230,3243,3150,4047,4037,4017,3948,3888,3708,2652,2781,2691,1605,1576,1500,5912,6550,6041,5872,5962,5872,4416,4446,4257,2231,2285,2291,1040,1031,970,18368,18531,18531,17360,17816,16450,9720,10371,9122,1605,1797,1704,426,434,440,19896,22432,21814,19083,18791,18433,14272,14077,13557,1267,1449,1398,473,465,460
1331621,3418,3517,3792,4366,4366,4486,4366,4396,4486,4456,4456,4646,4596,4646,4655,3198,3211,3144,4027,3988,4017,3938,3878,3718,2681,2771,2721,1599,1560,1500,5842,6490,6021,5832,5942,5852,4446,4436,4237,2215,2285,2301,992,1027,922,18368,18466,18433,17328,17751,16418,9688,10371,9132,1605,1816,1701,432,447,423,19831,22367,21814,19018,18791,18401,14239,14077,13557,1286,1452,1398,467,442,454
1341621,3428,3530,3801,4386,4396,4446,4366,4376,4466,4466,4466,4636,4576,4596,4655,3188,3227,3118,4007,3997,4017,3948,3898,3698,2622,2781,2731,1592,1567,1522,5842,6450,6011,5812,5962,5882,4386,4436,4237,2199,2307,2307,1021,1008,948,18303,18401,18433,17328,17751,16385,9688,10371,9122,1589,1797,1694,440,444,427,19831,22335,21749,19051,18758,18401,14272,14044,13492,1295,1420,1391,467,459,459
1351621,3421,3501,3785,4356,4366,4506,4386,4396,4476,4466,4486,4606,4586,4616,4665,3166,3169,3121,4027,3997,4017,3938,3908,3698,2632,2791,2691,1580,1567,1500,5792,6420,6011,5792,5942,5842,4386,4416,4237,2205,2282,2301,1034,1027,954,18238,18336,18401,17295,17685,16353,9688,10338,9072,1615,1803,1704,447,445,439,19766,22270,21717,19018,18791,18368,14207,14012,13459,1276,1430,1369,468,465,450
1361621,3409,3479,3769,4336,4376,4496,4317,4376,4446,4456,4456,4655,4586,4576,4665,3160,3201,3102,4017,3997,3978,3928,3888,3728,2671,2771,2721,1615,1570,1509,5792,6410,6001,5842,5912,5812,4426,4386,4227,2196,2279,2295,1027,999,941,18173,18303,18336,17263,17685,16353,9688,10338,9082,1615,1800,1691,417,445,438,19766,22270,21652,18986,18693,18368,14207,14044,13427,1289,1436,1391,458,468,444
1371621,3415,3495,3782,4356,4396,4466,4356,4376,4466,4466,4476,4636,4566,4626,4636,3137,3144,3086,4007,3988,3997,3928,3898,3738,2632,2781,2691,1586,1567,1506,5762,6370,5942,5822,5912,5832,4416,4426,4247,2183,2295,2275,1011,1015,932,18141,18271,18271,17230,17653,16353,9623,10305,9072,1586,1803,1714,438,434,432,19701,22205,21652,18986,18726,18336,14207,14044,13459,1273,1417,1394,464,448,447
1381621,3412,3533,3779,4356,4376,4536,4336,4376,4466,4466,4476,4626,4556,4636,4665,3128,3134,3093,4007,3978,3997,3908,3878,3688,2622,2771,2701,1615,1560,1528,5742,6390,5912,5832,5872,5832,4396,4416,4217,2199,2301,2291,1021,1040,954,18141,18173,18271,17230,17653,16320,9623,10305,9082,1602,1800,1698,428,431,434,19636,22172,21554,18953,18693,18336,14142,14012,13459,1286,1433,1398,456,467,465
1391621,3412,3469,3763,4366,4366,4506,4326,4376,4466,4466,4466,4646,4586,4596,4685,3121,3137,3035,3978,3988,3988,3908,3858,3718,2652,2781,2711,1576,1583,1490,5722,6340,5932,5812,5892,5822,4406,4386,4207,2221,2307,2282,1031,1021,941,18076,18141,18173,17165,17620,16320,9655,10273,9062,1602,1793,1707,435,448,432,19571,22107,21522,18953,18693,18271,14207,14012,13459,1289,1423,1398,464,472,457
1401621,3412,3456,3772,4356,4366,4476,4356,4376,4466,4446,4466,4646,4606,4576,4646,3086,3147,3064,4017,3968,3968,3928,3848,3708,2661,2761,2701,1583,1567,1490,5712,6301,5852,5782,5882,5822,4386,4366,4227,2186,2291,2275,1008,1005,919,18043,18043,18141,17165,17588,16288,9623,10273,9032,1589,1809,1694,428,445,429,19571,22074,21489,18953,18693,18271,14142,13947,13459,1264,1436,1356,473,479,473
1411621,3380,3476,3772,4336,4376,4466,4317,4386,4446,4466,4486,4636,4576,4586,4646,3093,3121,3029,4037,3958,3978,3908,3868,3738,2632,2761,2691,1602,1560,1487,5662,6301,5842,5772,5832,5812,4366,4406,4217,2205,2285,2269,983,1021,928,17978,18011,18043,17165,17588,16255,9623,10273,9042,1605,1803,1710,443,442,424,19474,22042,21457,18953,18628,18238,14142,13947,13427,1273,1452,1369,474,464,470
1421621,3393,3488,3737,4366,4376,4466,4326,4366,4466,4456,4436,4616,4586,4596,4655,3086,3118,3006,3988,3968,3978,3938,3868,3678,2642,2771,2711,1602,1576,1516,5643,6281,5872,5782,5892,5792,4376,4406,4197,2208,2288,2304,1024,1031,960,17913,17978,18043,17100,17555,16190,9590,10273,9012,1589,1806,1714,431,438,426,19506,21977,21392,18888,18628,18238,14142,13979,13427,1257,1445,1372,461,466,458
1431621,3370,3469,3753,4356,4376,4486,4356,4366,4466,4466,4456,4636,4536,4586,4626,3089,3096,3000,3988,3938,3968,3948,3878,3708,2642,2771,2711,1570,1560,1509,5633,6251,5832,5782,5862,5792,4386,4376,4207,2196,2295,2282,1027,995,948,17913,17978,17978,17100,17523,16190,9558,10208,9042,1586,1787,1666,422,434,439,19409,21977,21392,18856,18596,18238,14142,13947,13394,1295,1445,1353,470,456,460
1441621,3393,3456,3753,4336,4356,4486,4326,4366,4466,4466,4436,4606,4566,4586,4636,3061,3086,3022,3988,3978,3978,3898,3848,3698,2671,2761,2671,1570,1576,1509,5613,6221,5812,5782,5842,5792,4346,4356,4177,2170,2259,2282,1027,1015,944,17848,17913,17913,17068,17458,16157,9558,10240,9012,1589,1813,1698,426,429,434,19376,21879,21327,18823,18596,18238,14142,13947,13362,1244,1433,1369,456,464,468
1451621,3396,3476,3747,4346,4326,4456,4317,4386,4456,4446,4466,4626,4566,4586,4616,3064,3080,2984,4007,3958,3988,3908,3888,3708,2661,2771,2671,1608,1548,1493,5603,6221,5782,5752,5832,5782,4376,4396,4217,2221,2285,2259,1011,1021,938,17783,17848,17881,17003,17458,16125,9525,10240,9012,1611,1790,1698,434,439,421,19376,21847,21294,18823,18563,18206,14077,13914,13362,1283,1436,1375,479,469,450
1461621,3383,3466,3750,4336,4366,4456,4346,4406,4446,4436,4446,4586,4556,4566,4655,3070,3064,2990,3997,3928,3988,3958,3848,3728,2671,2751,2701,1580,1576,1506,5543,6211,5762,5742,5852,5752,4396,4386,4177,2196,2288,2285,995,1021,963,17718,17816,17816,17035,17425,16125,9525,10175,8992,1596,1784,1730,436,430,431,19344,21814,21294,18823,18563,18206,14109,13914,13362,1260,1445,1385,461,452,452
1471621,3364,3456,3728,4346,4356,4456,4336,4386,4466,4446,4466,4636,4556,4556,4626,3010,3038,2974,4007,3958,3968,3898,3848,3668,2632,2811,2711,1608,1564,1500,5523,6191,5702,5752,5872,5762,4346,4386,4187,2196,2304,2253,999,1037,938,17718,17751,17751,17068,17458,16125,9493,10175,8963,1557,1787,1688,422,439,439,19311,21782,21229,18791,18531,18173,14077,13914,13362,1279,1430,1366,464,454,461
1481621,3373,3466,3731,4346,4326,4446,4356,4346,4456,4436,4436,4606,4526,4556,4616,3000,3061,2955,3988,3948,3978,3928,3848,3708,2632,2781,2701,1580,1548,1506,5503,6151,5722,5752,5862,5762,4386,4396,4177,2180,2282,2307,1015,1027,963,17685,17685,17751,16970,17393,16092,9493,10143,8963,1592,1809,1701,444,416,439,19214,21749,21164,18823,18498,18141,14044,13849,13297,1264,1436,1385,474,452,441
1491621,3370,3456,3725,4336,4326,4456,4317,4346,4426,4426,4436,4596,4536,4576,4636,3019,3035,2933,3978,3938,3948,3908,3868,3718,2622,2751,2731,1580,1583,1509,5493,6121,5722,5722,5822,5742,4386,4396,4177,2192,2263,2269,1018,1027,957,17653,17653,17685,16970,17393,16125,9493,10175,8943,1615,1793,1726,416,443,441,19181,21717,21132,18758,18498,18141,14044,13882,13329,1270,1430,1382,457,471,450
1501621,3380,3466,3728,4356,4376,4456,4326,4366,4486,4446,4426,4606,4546,4586,4655,3016,3061,2917,4017,3928,3968,3918,3858,3708,2622,2731,2681,1589,1554,1474,5493,6121,5643,5722,5792,5732,4366,4356,4157,2183,2304,2275,986,1015,960,17620,17620,17685,16970,17360,16060,9525,10143,8953,1602,1803,1698,427,434,430,19181,21652,21067,18726,18466,18108,14012,13882,13297,1289,1442,1378,459,464,461
1511621,3345,3447,3725,4336,4336,4486,4307,4356,4466,4436,4436,4616,4536,4546,4616,2974,3000,2943,3988,3928,3978,3918,3848,3678,2642,2751,2671,1599,1567,1490,5463,6111,5652,5692,5772,5712,4356,4346,4197,2218,2288,2295,1005,1008,925,17523,17588,17620,16938,17328,16060,9493,10143,8923,1596,1787,1707,437,441,431,19181,21652,21067,18758,18433,18108,14044,13849,13329,1257,1423,1375,458,461,443
1521621,3377,3434,3702,4346,4346,4446,4317,4376,4436,4416,4446,4586,4516,4586,4626,2962,2994,2923,3978,3938,3938,3898,3858,3718,2622,2781,2701,1592,1576,1487,5423,6091,5652,5702,5792,5692,4386,4376,4197,2186,2288,2311,1015,1018,954,17490,17555,17555,16938,17360,16027,9460,10175,8933,1605,1819,1691,423,443,437,19116,21619,21034,18726,18433,18076,14044,13882,13297,1260,1410,1391,477,451,457
1531621,3351,3434,3702,4356,4356,4446,4317,4376,4416,4396,4426,4586,4546,4566,4646,2965,3000,2895,3948,3948,3918,3928,3818,3718,2612,2761,2701,1560,1554,1509,5423,6041,5623,5692,5782,5722,4376,4346,4147,2199,2285,2291,1005,1011,935,17458,17490,17490,16970,17295,16027,9460,10143,8903,1596,1800,1663,433,440,445,19083,21554,20969,18693,18401,18043,14012,13817,13329,1264,1420,1362,467,454,444
1541621,3338,3437,3686,4326,4346,4446,4297,4346,4426,4436,4426,4626,4506,4576,4626,2955,2987,2895,3988,3928,3958,3888,3878,3728,2632,2751,2701,1567,1557,1471,5433,6041,5573,5692,5782,5672,4346,4366,4177,2189,2295,2301,1018,1005,938,17425,17458,17490,16873,17263,15995,9460,10078,8933,1599,1806,1698,424,432,430,19018,21489,20969,18693,18433,18043,13979,13849,13297,1276,1417,1388,462,459,456
1551621,3335,3434,3699,4356,4326,4466,4317,4366,4426,4446,4446,4586,4536,4536,4626,2930,2968,2898,3978,3928,3928,3928,3858,3718,2642,2771,2711,1557,1570,1484,5393,6031,5593,5662,5772,5672,4346,4356,4187,2221,2266,2269,1005,1015,954,17393,17393,17425,16873,17230,15995,9460,10078,8873,1592,1790,1720,439,433,444,18986,21489,20937,18661,18368,18043,13979,13849,13264,1238,1414,1366,485,444,451
1561621,3335,3428,3664,4336,4336,4446,4326,4356,4406,4416,4426,4606,4546,4556,4606,2917,2971,2907,3978,3938,3928,3928,3848,3698,2642,2761,2731,1596,1573,1506,5353,6021,5553,5672,5742,5672,4346,4346,4187,2199,2295,2291,1008,1031,928,17360,17328,17425,16873,17263,15930,9460,10110,8903,1596,1806,1685,426,430,432,18953,21457,20839,18661,18368,18043,13979,13784,13231,1257,1436,1382,454,457,449
1571621,3338,3405,3705,4317,4307,4476,4307,4346,4426,4406,4436,4576,4516,4556,4586,2904,2952,2882,3938,3908,3948,3888,3868,3668,2652,2731,2681,1586,1535,1506,5323,5991,5533,5652,5762,5662,4336,4366,4147,2186,2295,2298,995,1021,957,17295,17328,17393,16873,17198,15930,9428,10045,8843,1611,1816,1691,438,438,432,18888,21424,20839,18596,18336,18011,13979,13817,13199,1286,1423,1378,460,463,444
1581621,3332,3421,3702,4356,4326,4466,4297,4346,4426,4396,4416,4556,4546,4576,4596,2885,2923,2860,3948,3928,3948,3908,3858,3698,2632,2751,2701,1589,1560,1497,5304,5952,5473,5652,5772,5702,4346,4356,4187,2183,2285,2259,1015,1024,941,17295,17263,17328,16808,17230,15930,9428,10078,8873,1589,1790,1707,436,435,437,18888,21392,20807,18628,18336,18011,13947,13784,13231,1302,1433,1382,464,461,442
1591621,3316,3418,3693,4317,4366,4466,4307,4336,4416,4406,4426,4596,4516,4536,4626,2904,2927,2860,3978,3918,3898,3918,3858,3658,2622,2761,2691,1573,1551,1509,5294,5942,5513,5672,5742,5652,4326,4346,4197,2199,2253,2266,999,1021,922,17263,17230,17263,16775,17165,15930,9363,10078,8883,1592,1797,1685,433,433,435,18888,21294,20742,18596,18336,17978,13914,13784,13231,1289,1423,1372,470,469,453
1601621,3342,3405,3699,4307,4386,4456,4287,4386,4406,4406,4426,4556,4516,4526,4596,2904,2914,2860,3958,3898,3948,3918,3838,3688,2642,2741,2711,1570,1538,1525,5284,5932,5493,5623,5742,5682,4336,4356,4177,2205,2291,2285,1018,1005,970,17198,17198,17230,16775,17133,15897,9363,10045,8833,1611,1800,1675,440,452,427,18823,21262,20676,18628,18336,17946,13947,13817,13199,1276,1430,1362,463,452,446
1611621,3345,3402,3673,4326,4346,4456,4287,4356,4406,4416,4446,4566,4526,4536,4576,2866,2895,2821,3938,3898,3918,3908,3818,3698,2632,2751,2711,1551,1573,1493,5274,5922,5473,5643,5732,5672,4336,4346,4197,2176,2282,2323,1027,1008,919,17165,17165,17198,16743,17198,15897,9395,10013,8833,1586,1797,1691,425,444,427,18791,21229,20709,18596,18336,17946,13947,13752,13199,1273,1407,1362,451,458,460
1621621,3284,3412,3658,4336,4307,4456,4307,4346,4436,4406,4436,4566,4516,4526,4616,2860,2891,2815,3918,3938,3938,3908,3838,3678,2632,2771,2701,1589,1538,1484,5284,5922,5433,5643,5742,5643,4336,4326,4157,2215,2285,2288,1008,995,938,17133,17100,17165,16775,17133,15865,9363,10013,8823,1602,1774,1701,425,435,429,18791,21229,20611,18531,18303,17913,13914,13752,13199,1260,1410,1407,460,469,461
1631621,3316,3377,3651,4326,4336,4456,4317,4376,4416,4426,4426,4576,4526,4536,4596,2879,2882,2815,3938,3888,3928,3888,3848,3668,2622,2731,2691,1570,1573,1468,5234,5882,5413,5652,5712,5652,4346,4336,4177,2180,2279,2279,992,1005,938,17068,17068,17068,16743,17100,15832,9363,10013,8843,1560,1806,1694,422,437,430,18758,21197,20611,18531,18271,17913,13882,13719,13166,1267,1417,1388,468,449,453
1641621,3306,3421,3648,4326,4326,4426,4307,4317,4416,4436,4396,4576,4516,4526,4626,2860,2885,2780,3938,3918,3968,3898,3838,3708,2592,2751,2671,1573,1557,1481,5234,5852,5383,5633,5702,5633,4326,4336,4167,2221,2272,2272,999,989,941,17035,17035,17035,16710,17100,15800,9363,10013,8813,1592,1822,1694,443,437,433,18726,21197,20546,18498,18238,17913,13914,13719,13166,1260,1426,1372,471,445,452
1651621,3300,3389,3673,4326,4317,4446,4307,4356,4406,4386,4406,4556,4506,4516,4596,2847,2856,2802,3948,3888,3928,3888,3828,3678,2592,2751,2671,1586,1538,1487,5184,5842,5383,5603,5702,5633,4326,4346,4147,2208,2288,2282,1021,1018,954,17035,16970,17035,16743,17068,15832,9363,9980,8813,1592,1797,1698,446,429,441,18661,21132,20546,18498,18206,17881,13914,13719,13166,1283,1439,1391,474,466,453
1661621,3274,3389,3654,4336,4326,4446,4287,4307,4456,4406,4426,4576,4516,4556,4566,2840,2860,2789,3928,3898,3908,3878,3838,3668,2632,2741,2681,1586,1576,1500,5164,5812,5343,5603,5692,5633,4326,4346,4177,2205,2272,2269,1011,1018,951,16938,16938,17003,16710,17100,15800,9330,10013,8813,1564,1787,1704,432,430,414,18661,21099,20481,18531,18206,17848,13849,13687,13166,1267,1410,1388,472,459,447
1671621,3278,3351,3667,4307,4317,4446,4287,4366,4406,4386,4416,4566,4496,4526,4626,2821,2847,2786,3918,3888,3918,3928,3838,3678,2622,2781,2681,1564,1557,1484,5164,5802,5304,5593,5672,5623,4336,4336,4177,2202,2279,2282,995,1018,932,16905,16840,16970,16678,17035,15735,9330,9948,8773,1596,1813,1694,443,454,434,18628,21067,20481,18433,18206,17848,13849,13687,13134,1289,1410,1356,470,459,447
1681621,3278,3354,3680,4336,4346,4426,4307,4346,4416,4396,4406,4596,4506,4526,4546,2793,2856,2770,3928,3898,3898,3908,3868,3678,2632,2741,2671,1557,1560,1484,5134,5772,5314,5623,5682,5603,4336,4317,4177,2199,2285,2282,1024,1018,951,16905,16905,16905,16678,17035,15767,9330,9948,8803,1611,1777,1678,424,431,434,18596,20969,20449,18433,18173,17848,13882,13687,13134,1264,1449,1378,465,455,442
1691621,3290,3383,3622,4317,4336,4436,4297,4326,4456,4376,4396,4566,4506,4516,4576,2802,2840,2770,3918,3898,3898,3938,3818,3668,2632,2761,2671,1557,1573,1484,5144,5772,5314,5613,5682,5633,4336,4326,4147,2199,2272,2259,1018,1005,941,16873,16840,16873,16613,17003,15735,9298,9948,8753,1586,1829,1710,434,445,446,18563,20969,20416,18433,18238,17816,13817,13687,13101,1276,1439,1391,474,474,466
1701621,3271,3409,3645,4307,4326,4416,4287,4326,4426,4416,4436,4536,4486,4536,4596,2783,2818,2751,3918,3888,3898,3908,3848,3678,2622,2751,2691,1570,1560,1490,5114,5752,5294,5593,5672,5603,4356,4336,4147,2180,2266,2259,992,1021,967,16840,16808,16840,16645,17003,15702,9298,9948,8773,1602,1797,1701,432,434,425,18531,20937,20319,18466,18206,17816,13817,13654,13101,1289,1417,1382,472,453,458
1711621,3281,3367,3670,4317,4356,4446,4287,4336,4416,4416,4406,4566,4496,4526,4576,2789,2828,2748,3928,3868,3868,3898,3848,3678,2642,2731,2671,1576,1560,1461,5054,5752,5284,5593,5662,5593,4326,4317,4137,2208,2298,2272,1027,1011,928,16743,16743,16808,16580,16938,15702,9265,9948,8773,1567,1787,1714,427,440,430,18466,20937,20286,18433,18141,17816,13849,13687,13101,1279,1423,1385,459,458,460
1721621,3281,3367,3654,4317,4326,4416,4297,4326,4446,4396,4416,4566,4496,4536,4576,2777,2831,2725,3948,3918,3898,3918,3828,3698,2602,2751,2691,1586,1573,1500,5034,5732,5244,5563,5662,5603,4336,4317,4127,2183,2272,2314,1024,1002,970,16743,16743,16743,16580,16970,15702,9298,9915,8743,1564,1781,1672,439,445,440,18466,20872,20254,18368,18141,17848,13817,13654,13101,1260,1391,1378,467,466,456
1731621,3287,3342,3638,4326,4356,4426,4287,4346,4416,4386,4406,4566,4496,4496,4586,2796,2802,2735,3958,3898,3878,3888,3848,3678,2602,2741,2652,1557,1573,1474,5074,5712,5254,5583,5672,5573,4346,4346,4157,2205,2272,2269,1011,1040,919,16710,16678,16775,16580,16970,15735,9233,9915,8733,1589,1787,1688,437,441,426,18466,20872,20254,18401,18141,17783,13849,13654,13069,1264,1423,1356,470,476,444
1741621,3265,3335,3629,4336,4297,4416,4287,4317,4436,4386,4426,4546,4506,4546,4596,2757,2796,2729,3918,3898,3888,3918,3858,3678,2632,2741,2681,1580,1554,1500,5064,5682,5224,5563,5643,5583,4307,4336,4137,2180,2263,2272,1005,1027,948,16678,16645,16678,16548,16938,15702,9233,9915,8753,1615,1825,1678,440,441,424,18401,20839,20221,18368,18108,17751,13784,13622,13069,1248,1420,1343,450,453,464
1751621,3265,3342,3638,4326,4326,4436,4307,4317,4426,4376,4416,4536,4476,4506,4566,2751,2802,2725,3938,3858,3898,3888,3828,3678,2632,2771,2652,1567,1538,1477,5014,5662,5234,5543,5643,5603,4297,4307,4127,2186,2279,2263,1008,1011,944,16645,16613,16645,16580,16905,15670,9298,9883,8733,1599,1797,1704,432,452,437,18368,20807,20221,18368,18076,17718,13784,13654,13069,1267,1430,1359,474,469,456
1761621,3265,3351,3597,4297,4326,4426,4317,4317,4446,4376,4396,4536,4496,4516,4566,2754,2770,2684,3918,3868,3908,3878,3818,3708,2592,2731,2681,1583,1544,1461,4985,5672,5164,5583,5652,5543,4326,4336,4147,2196,2285,2298,976,986,938,16613,16580,16613,16515,16905,15637,9233,9883,8743,1580,1790,1691,431,427,437,18336,20774,20156,18336,18108,17751,13752,13622,13069,1273,1436,1356,471,455,469
1771621,3268,3357,3616,4307,4297,4426,4307,4336,4396,4396,4426,4536,4476,4496,4556,2735,2757,2722,3918,3878,3908,3878,3848,3658,2612,2781,2671,1564,1567,1490,4985,5633,5154,5553,5623,5563,4297,4307,4107,2180,2285,2266,1015,1018,941,16580,16548,16613,16548,16905,15572,9200,9850,8713,1621,1793,1685,444,431,445,18336,20709,20091,18336,18076,17718,13752,13557,13036,1273,1414,1382,470,445,459
1781621,3278,3348,3610,4297,4317,4436,4317,4317,4386,4406,4406,4546,4466,4536,4586,2754,2799,2716,3928,3878,3898,3918,3858,3688,2602,2731,2701,1570,1564,1477,4994,5652,5204,5573,5633,5553,4336,4336,4127,2157,2282,2275,1002,1018,944,16580,16483,16548,16515,16873,15605,9233,9915,8683,1599,1765,1694,436,429,427,18303,20709,20091,18303,18076,17718,13752,13589,13004,1257,1410,1362,464,474,462
1791621,3236,3310,3591,4297,4326,4436,4307,4336,4416,4396,4406,4556,4456,4476,4586,2738,2773,2687,3928,3898,3898,3888,3838,3708,2622,2741,2681,1583,1557,1484,4955,5603,5184,5533,5623,5543,4307,4326,4127,2183,2259,2256,1002,1002,928,16515,16483,16515,16450,16873,15605,9233,9883,8693,1586,1797,1675,436,449,448,18238,20676,20059,18271,18043,17685,13752,13589,13004,1260,1442,1350,463,466,436
1801621,3243,3332,3584,4317,4307,4426,4297,4307,4386,4386,4396,4556,4506,4506,4546,2713,2764,2678,3908,3858,3878,3888,3848,3658,2602,2751,2691,1576,1551,1487,4945,5603,5124,5553,5613,5513,4307,4307,4107,2160,2282,2272,1015,1008,944,16450,16483,16483,16483,16808,15605,9200,9850,8703,1608,1774,1688,439,439,442,18238,20644,19994,18336,18011,17653,13719,13589,13004,1264,1417,1382,454,460,453
1811621,3265,3342,3613,4297,4317,4426,4237,4326,4376,4376,4386,4586,4466,4506,4536,2716,2741,2694,3888,3848,3898,3868,3828,3698,2602,2741,2691,1557,1567,1497,4915,5573,5114,5513,5613,5533,4287,4317,4127,2189,2247,2263,1024,1018,957,16483,16418,16450,16450,16840,15572,9233,9850,8713,1586,1797,1678,428,435,425,18173,20611,19994,18271,18011,17685,13687,13557,13004,1244,1420,1353,461,468,456
1821621,3239,3316,3581,4297,4297,4446,4267,4336,4416,4416,4356,4536,4476,4506,4556,2719,2738,2665,3938,3888,3878,3888,3818,3698,2612,2741,2661,1583,1528,1493,4885,5563,5114,5523,5583,5543,4317,4297,4127,2180,2253,2272,1002,1015,919,16483,16353,16450,16450,16808,15540,9200,9850,8683,1592,1806,1675,436,446,434,18206,20579,19961,18238,18043,17653,13719,13524,12971,1270,1398,1378,470,447,453
1831621,3230,3326,3578,4307,4326,4386,4297,4346,4396,4366,4386,4546,4456,4486,4546,2700,2741,2678,3928,3848,3868,3878,3828,3698,2602,2741,2661,1570,1548,1503,4895,5543,5104,5523,5603,5513,4307,4356,4107,2205,2269,2243,995,995,944,16385,16320,16353,16450,16775,15540,9200,9850,8683,1564,1777,1723,442,435,426,18141,20546,19929,18238,17978,17620,13719,13557,13004,1248,1414,1359,469,456,473
1841621,3268,3284,3581,4326,4307,4426,4307,4336,4406,4366,4396,4546,4486,4506,4576,2694,2732,2671,3898,3828,3878,3888,3848,3668,2602,2701,2671,1580,1544,1484,4895,5533,5084,5513,5583,5503,4277,4307,4117,2170,2240,2288,1018,1002,948,16385,16320,16353,16450,16808,15507,9200,9818,8693,1583,1784,1704,424,432,439,18108,20514,19864,18206,17978,17653,13687,13524,12939,1254,1420,1388,463,470,463
1851621,3246,3316,3587,4317,4317,4426,4257,4317,4406,4386,4386,4526,4476,4516,4576,2674,2716,2633,3898,3868,3878,3858,3838,3668,2612,2731,2701,1564,1544,1487,4855,5513,5064,5533,5603,5503,4277,4287,4147,2205,2266,2272,1011,1024,938,16385,16288,16288,16418,16775,15540,9168,9850,8653,1580,1784,1688,418,447,420,18076,20481,19896,18238,17978,17588,13654,13524,12971,1279,1407,1372,469,451,451
1861621,3227,3310,3587,4297,4307,4406,4267,4297,4386,4356,4396,4506,4456,4506,4566,2662,2710,2636,3898,3858,3858,3868,3828,3688,2632,2741,2691,1532,1570,1490,4885,5533,5044,5503,5583,5493,4297,4267,4117,2170,2288,2259,1034,1015,941,16320,16255,16288,16353,16743,15507,9168,9818,8663,1586,1797,1675,438,437,444,18108,20416,19831,18206,17978,17620,13687,13524,12939,1283,1436,1359,480,466,453
1871621,3233,3300,3565,4317,4336,4396,4297,4297,4376,4406,4386,4506,4466,4466,4566,2655,2694,2627,3918,3838,3868,3888,3808,3688,2622,2751,2711,1544,1548,1471,4865,5473,5034,5503,5573,5503,4287,4287,4107,2183,2301,2272,1002,1027,941,16288,16222,16255,16385,16710,15475,9168,9818,8663,1580,1790,1682,436,440,438,18043,20449,19766,18206,17946,17588,13687,13492,12906,1257,1426,1337,468,468,459
1881621,3230,3271,3594,4277,4336,4446,4257,4317,4406,4366,4386,4546,4466,4506,4566,2687,2684,2627,3898,3848,3868,3908,3818,3668,2632,2711,2701,1557,1538,1487,4825,5493,5024,5493,5543,5513,4307,4277,4127,2173,2253,2275,986,1008,922,16255,16190,16222,16353,16710,15475,9135,9818,8663,1605,1800,1675,428,426,436,18043,20416,19799,18206,17913,17588,13654,13492,12939,1235,1414,1359,470,466,451
1891621,3201,3294,3568,4297,4317,4426,4267,4297,4406,4366,4386,4526,4456,4476,4536,2636,2678,2633,3908,3838,3888,3868,3858,3678,2622,2751,2701,1573,1557,1477,4845,5473,5014,5513,5533,5463,4307,4317,4107,2167,2298,2240,992,1008,960,16190,16190,16157,16353,16710,15475,9168,9753,8634,1596,1790,1678,430,446,432,18011,20351,19734,18141,17946,17555,13622,13524,12906,1273,1404,1369,475,462,477
1901621,3211,3306,3568,4287,4297,4456,4267,4317,4396,4346,4406,4536,4436,4466,4566,2642,2687,2636,3918,3838,3878,3898,3818,3688,2572,2741,2701,1576,1532,1484,4825,5453,4985,5513,5553,5493,4287,4287,4107,2186,2266,2259,1034,1021,948,16190,16157,16157,16385,16678,15442,9135,9753,8634,1599,1797,1698,428,435,432,17946,20319,19734,18141,17913,17523,13654,13492,12906,1264,1426,1394,449,457,456
1911621,3207,3313,3543,4287,4326,4446,4257,4307,4386,4366,4346,4526,4456,4496,4536,2642,2671,2623,3888,3858,3868,3858,3828,3678,2602,2741,2691,1557,1557,1461,4785,5433,4994,5473,5563,5493,4326,4307,4127,2205,2269,2279,999,1018,948,16157,16092,16092,16320,16678,15442,9135,9818,8614,1573,1784,1656,432,444,442,17946,20319,19734,18141,17881,17523,13654,13459,12906,1254,1426,1356,470,458,444
1921621,3201,3271,3546,4287,4336,4446,4277,4326,4406,4386,4386,4496,4466,4486,4506,2655,2665,2617,3908,3858,3858,3908,3848,3698,2612,2761,2671,1567,1583,1484,4805,5433,4965,5483,5543,5493,4277,4287,4117,2173,2275,2272,1002,1005,925,16125,16092,16060,16320,16710,15410,9135,9753,8614,1583,1787,1675,439,440,430,17881,20286,19636,18076,17881,17523,13654,13459,12874,1292,1426,1353,484,467,449
1931621,3201,3265,3562,4297,4317,4416,4277,4317,4356,4386,4366,4546,4466,4486,4536,2649,2674,2604,3908,3808,3848,3898,3828,3668,2642,2731,2701,1557,1554,1465,4775,5413,4945,5463,5523,5453,4267,4287,4107,2186,2282,2263,992,1018,944,16092,16060,16027,16288,16613,15410,9135,9753,8634,1589,1803,1678,440,448,428,17848,20254,19604,18141,17881,17523,13622,13459,12874,1251,1442,1385,451,450,451
1941621,3179,3278,3549,4277,4267,4436,4287,4297,4386,4356,4386,4506,4446,4446,4516,2620,2630,2598,3878,3848,3868,3878,3818,3668,2582,2721,2661,1573,1557,1509,4745,5383,4935,5463,5553,5453,4257,4326,4127,2173,2282,2269,1015,1027,935,16092,15995,16027,16288,16645,15410,9103,9753,8604,1580,1793,1691,437,434,440,17881,20221,19571,18076,17881,17523,13654,13459,12906,1270,1433,1378,456,459,453
1951621,3207,3278,3552,4307,4317,4416,4267,4277,4356,4346,4396,4516,4436,4506,4536,2598,2674,2553,3888,3838,3858,3878,3828,3678,2622,2731,2652,1560,1532,1484,4745,5373,4915,5483,5543,5463,4277,4317,4127,2151,2256,2253,999,1040,919,16027,15995,15995,16255,16613,15410,9135,9753,8614,1570,1793,1678,432,442,453,17848,20221,19539,18108,17848,17458,13589,13459,12906,1238,1423,1372,443,465,460
1961621,3192,3271,3530,4307,4336,4416,4287,4317,4386,4366,4396,4556,4456,4456,4526,2642,2623,2585,3888,3858,3858,3908,3818,3668,2622,2721,2691,1570,1551,1493,4775,5363,4915,5483,5543,5433,4257,4307,4097,2199,2285,2240,1015,1011,928,16027,15962,15930,16222,16580,15377,9070,9753,8584,1596,1806,1672,427,436,443,17848,20156,19539,18108,17848,17458,13589,13427,12906,1267,1426,1359,465,464,459
1971621,3188,3287,3520,4287,4297,4426,4237,4307,4396,4356,4376,4556,4456,4496,4516,2614,2633,2566,3898,3848,3878,3878,3818,3688,2602,2751,2671,1573,1551,1474,4705,5353,4865,5453,5533,5473,4317,4307,4117,2173,2285,2272,995,1024,938,15995,15962,15962,16222,16613,15345,9103,9720,8574,1567,1800,1669,441,447,423,17783,20189,19506,18108,17848,17523,13589,13427,12874,1273,1417,1366,454,464,446
1981621,3188,3255,3520,4287,4307,4396,4257,4307,4386,4356,4386,4506,4476,4466,4556,2611,2627,2595,3888,3828,3898,3878,3808,3678,2582,2711,2671,1557,1551,1490,4715,5333,4855,5443,5533,5433,4297,4317,4127,2170,2240,2269,1021,1002,916,15930,15930,15897,16222,16613,15345,9103,9720,8564,1599,1790,1688,423,424,436,17783,20124,19441,18076,17848,17458,13622,13427,12809,1254,1414,1343,463,450,459
1991621,3169,3239,3511,4297,4317,4436,4267,4317,4406,4336,4376,4506,4476,4466,4506,2591,2652,2559,3878,3838,3888,3848,3798,3688,2642,2731,2652,1557,1554,1474,4705,5304,4845,5473,5513,5433,4317,4317,4107,2160,2256,2247,976,1027,960,15962,15897,15865,16190,16580,15345,9070,9720,8584,1586,1797,1682,426,444,420,17751,20059,19441,18043,17816,17490,13589,13394,12841,1270,1417,1353,470,458,456
2001621,3176,3287,3543,4277,4317,4396,4267,4287,4336,4366,4356,4536,4446,4476,4546,2572,2636,2582,3908,3848,3838,3868,3768,3649,2622,2731,2652,1576,1538,1474,4705,5304,4855,5463,5523,5433,4277,4317,4107,2180,2288,2259,995,1024,944,15930,15865,15832,16190,16580,15312,9103,9720,8574,1586,1768,1701,425,415,436,17751,20091,19409,18043,17816,17458,13622,13394,12841,1279,1439,1372,456,464,465

